city,state,latitude,longitude,population,elevation_ft,flood_risk,hurricane_risk,storm_surge_risk,fema_declarations,composite_risk,fema_flood_zone,data_source,fema_decl_count,total_damage_B,total_deaths,norm_fema,risk_index,opt_weight,assigned_hub,dist_to_hub_km
New York,NY,40.712776,-74.005974,8335897,148,0.85,0.299,0.6,87,0.604,AE,FEMA NFIP / NOAA / USGS NED / Census,2.0,72.0,61.0,0.13333333333333333,0.5548,17585408,2,0.0
Los Angeles,CA,34.019394,-118.410825,3898747,289,0.354,0.616,0.2,89,0.422,X500,FEMA NFIP / NOAA / USGS NED / Census,1.0,4.2,22.0,0.06666666666666667,0.3456,6593560,8,0.0
Houston,TX,29.762778,-95.383061,2304580,43,0.95,0.783,0.8,158,0.874,AE,FEMA NFIP / NOAA / USGS NED / Census,7.0,219.70000000000002,330.0,0.4666666666666667,0.8058,6018641,3,0.0
Phoenix,AZ,33.572154,-112.090132,1608139,1083,0.25,0.0,0.0,18,0.111,X,FEMA NFIP / NOAA / USGS NED / Census,15.0,0.0,,1.0,0.25,2412208,1,398.787356036256
San Antonio,TX,29.424349,-98.491142,1453648,794,0.881,0.79,0.0,158,0.688,AE,FEMA NFIP / NOAA / USGS NED / Census,7.0,219.70000000000002,330.0,0.4666666666666667,0.6199,3255880,3,302.8563052601077
San Diego,CA,32.814977,-117.135562,1386932,52,0.417,0.583,0.2,89,0.437,X500,FEMA NFIP / NOAA / USGS NED / Census,1.0,4.2,22.0,0.06666666666666667,0.3626,2392735,8,178.72807073083212
Dallas,TX,32.783056,-96.806671,1304379,489,0.883,0.607,0.0,158,0.634,AE,FEMA NFIP / NOAA / USGS NED / Census,7.0,219.70000000000002,330.0,0.4666666666666667,0.575,2804414,3,362.0561254649795
Austin,TX,30.267153,-97.743061,961855,489,0.789,0.676,0.0,158,0.617,AE,FEMA NFIP / NOAA / USGS NED / Census,7.0,219.70000000000002,330.0,0.4666666666666667,0.5546,2028744,3,234.04174309756223
Fort Worth,TX,32.725409,-97.320823,935508,653,0.713,0.647,0.0,158,0.578,A,FEMA NFIP / NOAA / USGS NED / Census,7.0,219.70000000000002,330.0,0.4666666666666667,0.517,1902823,3,377.41700852587053
Columbus,OH,39.961178,-82.998795,905748,833,0.523,0.0,0.0,57,0.245,A,FEMA NFIP / NOAA / USGS NED / Census,15.0,0.0,,1.0,0.3592,1556437,7,337.8920848916945
Charlotte,NC,35.227087,-80.843127,897720,748,0.675,0.581,0.0,74,0.491,A,FEMA NFIP / NOAA / USGS NED / Census,4.0,68.1,166.0,0.26666666666666666,0.4552,1715004,4,368.7737482267353
Seattle,WA,47.608013,-122.335167,749256,256,0.538,0.156,0.2,54,0.336,A,FEMA NFIP / NOAA / USGS NED / Census,15.0,0.0,,1.0,0.4442,1414895,5,26.35128327706571
Denver,CO,39.76185,-104.881105,715522,5280,0.3,0.0,0.0,28,0.137,X,FEMA NFIP / NOAA / USGS NED / Census,2.0,7.9,18.0,0.13333333333333333,0.14,915868,6,0.0
Washington,DC,38.904247,-77.016517,689545,148,0.7,0.0,0.0,12,0.287,A,FEMA NFIP / NOAA / USGS NED / Census,15.0,0.0,,1.0,0.43,1282553,2,326.41571954003365
Nashville-Davidson,TN,36.174465,-86.76796,689447,1013,0.464,0.0,0.0,47,0.215,X500,FEMA NFIP / NOAA / USGS NED / Census,1.0,2.0,31.0,0.06666666666666667,0.1956,959158,0,407.675565935846
Oklahoma City,OK,35.46756,-97.516428,681054,1197,0.566,0.0,0.0,35,0.248,A,FEMA NFIP / NOAA / USGS NED / Census,15.0,0.0,,1.0,0.3764,1193751,3,665.0119611421429
El Paso,TX,31.845683,-106.485023,678815,3720,0.913,0.672,0.0,158,0.666,AE,FEMA NFIP / NOAA / USGS NED / Census,7.0,219.70000000000002,330.0,0.4666666666666667,0.6032,1497737,6,891.9946478245158
Portland,OR,45.523452,-122.676207,652503,174,0.435,0.178,0.0,52,0.26,X500,FEMA NFIP / NOAA / USGS NED / Census,15.0,0.0,,1.0,0.3685,1133397,5,209.2907062345532
Las Vegas,NV,36.114647,-115.172813,641903,2001,0.2,0.0,0.0,16,0.09,X,FEMA NFIP / NOAA / USGS NED / Census,15.0,0.0,,1.0,0.23,937178,1,0.0
Memphis,TN,35.149534,-90.04898,633104,285,0.78,0.0,0.0,47,0.341,AE,FEMA NFIP / NOAA / USGS NED / Census,1.0,2.0,31.0,0.06666666666666667,0.322,1040822,0,386.9080618896953
Louisville,KY,38.183426,-85.679616,633045,466,0.54,0.0,0.0,48,0.246,A,FEMA NFIP / NOAA / USGS NED / Census,1.0,1.8,43.0,0.06666666666666667,0.226,919181,0,396.8727481881528
Detroit,MI,42.383008,-83.102409,632464,597,0.358,0.0,0.0,40,0.168,X500,FEMA NFIP / NOAA / USGS NED / Census,15.0,0.0,,1.0,0.2932,1003340,7,204.4796791456852
Baltimore,MD,39.290882,-76.610759,585708,138,0.75,0.48,0.4,34,0.545,A,FEMA NFIP / NOAA / USGS NED / Census,1.0,1.5,3.0,0.06666666666666667,0.51,1183130,2,272.42066008059305
Milwaukee,WI,43.038902,-87.906474,577222,581,0.321,0.0,0.0,41,0.154,X500,FEMA NFIP / NOAA / USGS NED / Census,15.0,0.0,,1.0,0.2784,898619,7,206.994099465367
Albuquerque,NM,35.110703,-106.609991,560447,5312,0.28,0.0,0.0,22,0.126,X,FEMA NFIP / NOAA / USGS NED / Census,15.0,0.0,,1.0,0.262,854121,6,539.207171322141
Tucson,AZ,32.153036,-110.870773,542629,2386,0.22,0.0,0.0,18,0.099,X,FEMA NFIP / NOAA / USGS NED / Census,15.0,0.0,,1.0,0.238,800920,1,592.1653521400008
Fresno,CA,36.782684,-119.793359,542107,308,0.55,0.483,0.0,89,0.42,A,FEMA NFIP / NOAA / USGS NED / Census,1.0,4.2,22.0,0.06666666666666667,0.3508,922449,8,331.8213301443719
Sacramento,CA,38.567694,-121.468161,513624,23,0.78,0.443,0.0,89,0.501,AE,FEMA NFIP / NOAA / USGS NED / Census,1.0,4.2,22.0,0.06666666666666667,0.4328,958216,8,575.1094234442443
Mesa,AZ,33.400626,-111.716487,503875,1838,0.262,0.0,0.0,18,0.116,X,FEMA NFIP / NOAA / USGS NED / Census,15.0,0.0,,1.0,0.2548,760649,1,436.71237775961583
Omaha,NE,41.25716,-95.995102,486051,1089,0.535,0.0,0.0,36,0.237,A,FEMA NFIP / NOAA / USGS NED / Census,1.0,1.3,4.0,0.06666666666666667,0.224,703801,0,573.9743402232608
Colorado Springs,CO,38.867255,-104.760749,478961,6035,0.41,0.0,0.0,28,0.181,X500,FEMA NFIP / NOAA / USGS NED / Census,2.0,7.9,18.0,0.13333333333333333,0.184,655218,6,100.01181322991364
Raleigh,NC,35.779591,-78.638176,467665,315,0.658,0.585,0.0,74,0.485,A,FEMA NFIP / NOAA / USGS NED / Census,4.0,68.1,166.0,0.26666666666666666,0.4494,888002,4,562.2139794060058
Long Beach,CA,33.780791,-118.16818,466742,2046,0.489,0.629,0.0,89,0.44,X500,FEMA NFIP / NOAA / USGS NED / Census,1.0,4.2,22.0,0.06666666666666667,0.3628,805409,8,34.7192576045359
Virginia Beach,VA,36.852926,-76.132019,457672,13,0.88,0.57,0.6,71,0.687,AE,FEMA NFIP / NOAA / USGS NED / Census,1.0,3.0,11.0,0.06666666666666667,0.6245,1029304,2,467.0442481387716
Minneapolis,MN,44.979965,-93.2636,429606,833,0.529,0.0,0.0,43,0.238,A,FEMA NFIP / NOAA / USGS NED / Census,15.0,0.0,,1.0,0.3616,740297,7,685.8624032064496
Wichita,KS,37.688089,-97.336273,395695,1305,0.421,0.0,0.0,37,0.192,X500,FEMA NFIP / NOAA / USGS NED / Census,15.0,0.0,,1.0,0.3184,647673,0,632.5086436986946
Green Bay,WI,44.519159,-88.019826,299062,1255,0.45,0.0,0.0,41,0.206,X500,FEMA NFIP / NOAA / USGS NED / Census,15.0,0.0,,1.0,0.33,496442,7,316.0817512218196
Santa Rosa,CA,38.445824,-122.706181,298930,1910,0.402,0.41,0.0,89,0.34,X500,FEMA NFIP / NOAA / USGS NED / Census,1.0,4.2,22.0,0.06666666666666667,0.2733,462325,8,624.8732328186899
Albany,NY,42.65258,-73.756233,298512,2134,0.603,0.332,0.0,87,0.395,A,FEMA NFIP / NOAA / USGS NED / Census,2.0,72.0,61.0,0.13333333333333333,0.3442,504007,2,216.6908310164399
Muncie,IN,40.193219,-85.38633,298320,812,0.489,0.0,0.0,38,0.219,X500,FEMA NFIP / NOAA / USGS NED / Census,15.0,0.0,,1.0,0.3456,504518,7,234.01573863680778
Coeur d Alene,ID,47.677895,-116.78067,297736,1787,0.337,0.0,0.0,21,0.148,X500,FEMA NFIP / NOAA / USGS NED / Census,15.0,0.0,,1.0,0.2848,467326,5,410.74288404069165
Auburn,ME,44.097826,-70.231033,296965,2116,0.399,0.252,0.0,24,0.25,X500,FEMA NFIP / NOAA / USGS NED / Census,15.0,0.0,,1.0,0.3726,518263,2,487.4716390751666
Alexandria,VA,38.804836,-77.047017,296100,1717,0.602,0.435,0.0,71,0.416,A,FEMA NFIP / NOAA / USGS NED / Census,1.0,3.0,11.0,0.06666666666666667,0.3596,509055,2,335.4952333105299
Salem,OR,44.942898,-123.035096,295087,2002,0.648,0.174,0.0,52,0.344,A,FEMA NFIP / NOAA / USGS NED / Census,15.0,0.0,,1.0,0.4527,562258,5,278.01025196707656
Warwick,RI,41.700101,-71.41609,295011,2001,0.627,0.303,0.0,26,0.358,A,FEMA NFIP / NOAA / USGS NED / Census,15.0,0.0,,1.0,0.4766,576215,2,242.8731715928458
Decatur,IL,39.840927,-88.954124,294761,1061,0.575,0.0,0.0,49,0.26,A,FEMA NFIP / NOAA / USGS NED / Census,15.0,0.0,,1.0,0.38,518779,0,172.40083843996854
Troy,NY,42.728292,-73.690985,294459,2274,0.502,0.281,0.0,87,0.34,A,FEMA NFIP / NOAA / USGS NED / Census,2.0,72.0,61.0,0.13333333333333333,0.2911,465893,2,225.6342348882202
Camden,NJ,39.928661,-75.119774,294064,2034,0.759,0.372,0.0,51,0.447,AE,FEMA NFIP / NOAA / USGS NED / Census,2.0,41.8,67.0,0.13333333333333333,0.4166,539078,2,128.5218516623496
Syracuse,NY,43.048122,-76.147424,293903,2066,0.621,0.31,0.0,87,0.396,A,FEMA NFIP / NOAA / USGS NED / Census,2.0,72.0,61.0,0.13333333333333333,0.3459,497225,2,314.40058224056787
Reno,NV,39.529633,-119.813801,293662,1713,0.123,0.0,0.0,16,0.059,X,FEMA NFIP / NOAA / USGS NED / Census,15.0,0.0,,1.0,0.1992,410656,1,556.9495192296523
Ogden,UT,41.223003,-111.973888,293485,1971,0.136,0.0,0.0,15,0.064,X,FEMA NFIP / NOAA / USGS NED / Census,15.0,0.0,,1.0,0.2044,413461,6,621.1959762596196
Owensboro,KY,37.774254,-87.111327,293322,807,0.541,0.0,0.0,48,0.246,A,FEMA NFIP / NOAA / USGS NED / Census,1.0,1.8,43.0,0.06666666666666667,0.2264,426138,0,286.00037154800077
Tallahassee,FL,30.440989,-84.280733,292804,1185,0.959,0.775,0.0,142,0.705,AE,FEMA NFIP / NOAA / USGS NED / Census,12.0,301.5,545.0,0.8,0.6974,701207,4,273.6090098168226
Indianapolis,IN,39.768513,-86.158134,291983,803,0.451,0.0,0.0,38,0.204,X500,FEMA NFIP / NOAA / USGS NED / Census,15.0,0.0,,1.0,0.3304,484925,7,284.6916113623712
Corpus Christi,TX,27.800583,-97.396381,291968,16,0.9,0.792,0.8,158,0.856,AE,FEMA NFIP / NOAA / USGS NED / Census,7.0,219.70000000000002,330.0,0.4666666666666667,0.788,752109,3,293.4230248147956
Lansing,MI,42.732535,-84.555534,290469,1125,0.372,0.0,0.0,40,0.174,X500,FEMA NFIP / NOAA / USGS NED / Census,15.0,0.0,,1.0,0.2988,464053,7,97.7070573029759
Concord,NH,43.206186,-71.53758,290121,1972,0.515,0.226,0.0,25,0.289,A,FEMA NFIP / NOAA / USGS NED / Census,15.0,0.0,,1.0,0.4125,529470,2,344.2421936887232
Lubbock,TX,33.577863,-101.855166,290069,3264,0.69,0.597,0.0,158,0.554,A,FEMA NFIP / NOAA / USGS NED / Census,7.0,219.70000000000002,330.0,0.4666666666666667,0.4952,577353,6,738.5608681407977
San Buenaventura (Ventura),CA,34.26778,-119.254206,289833,2239,0.498,0.555,0.0,89,0.421,X500,FEMA NFIP / NOAA / USGS NED / Census,1.0,4.2,22.0,0.06666666666666667,0.348,491556,8,82.38257992175417
Bangor,ME,44.801182,-68.777814,289690,1769,0.395,0.238,0.0,24,0.244,X500,FEMA NFIP / NOAA / USGS NED / Census,15.0,0.0,,1.0,0.3675,502612,2,623.3251840192789
Decatur,AL,34.572995,-86.989901,289629,895,0.602,0.508,0.0,65,0.434,A,FEMA NFIP / NOAA / USGS NED / Census,1.0,1.5,2.0,0.06666666666666667,0.3778,508472,4,366.96610706033556
Abilene,TX,32.448736,-99.733144,289030,335,0.845,0.672,0.0,158,0.638,AE,FEMA NFIP / NOAA / USGS NED / Census,7.0,219.70000000000002,330.0,0.4666666666666667,0.576,621992,3,510.528504388992
Hollywood,FL,26.030967,-80.164609,288964,1775,0.808,0.878,0.0,142,0.675,AE,FEMA NFIP / NOAA / USGS NED / Census,12.0,301.5,545.0,0.8,0.6627,671956,9,28.285348312441908
Spartanburg,SC,34.949722,-81.93089,288582,1282,0.903,0.612,0.0,62,0.584,AE,FEMA NFIP / NOAA / USGS NED / Census,4.0,4.8,28.0,0.26666666666666666,0.5542,608446,4,281.87500841097784
San Francisco,CA,37.727239,-123.032229,287714,184,0.392,0.534,0.2,89,0.413,X500,FEMA NFIP / NOAA / USGS NED / Census,1.0,4.2,22.0,0.06666666666666667,0.3403,483532,8,585.8230436049181
Torrance,CA,33.830453,-118.356618,287549,2146,0.464,0.568,0.0,89,0.412,X500,FEMA NFIP / NOAA / USGS NED / Census,1.0,4.2,22.0,0.06666666666666667,0.3376,481702,8,21.59640115770219
Lancaster,CA,34.693558,-118.175305,287472,2183,0.392,0.573,0.0,89,0.384,X500,FEMA NFIP / NOAA / USGS NED / Census,1.0,4.2,22.0,0.06666666666666667,0.3101,465762,8,78.01889163937831
West Jordan,UT,40.60968,-112.001391,287355,1565,0.181,0.0,0.0,15,0.082,X,FEMA NFIP / NOAA / USGS NED / Census,15.0,0.0,,1.0,0.2224,415170,1,571.1065861585422
Tuscaloosa,AL,33.234404,-87.5283,286584,864,0.583,0.539,0.0,65,0.435,A,FEMA NFIP / NOAA / USGS NED / Census,1.0,1.5,2.0,0.06666666666666667,0.378,503241,4,367.3112481362476
Rock Hill,SC,34.924653,-81.025438,286356,1290,0.765,0.586,0.0,62,0.521,AE,FEMA NFIP / NOAA / USGS NED / Census,4.0,4.8,28.0,0.26666666666666666,0.4925,568416,4,333.3878112232213
Athens,AL,34.779021,-86.950799,285796,1197,0.773,0.488,0.0,65,0.496,AE,FEMA NFIP / NOAA / USGS NED / Census,1.0,1.5,2.0,0.06666666666666667,0.4412,537982,4,376.24908201664715
Moline,IL,41.506683,-90.515099,285659,385,0.521,0.0,0.0,49,0.239,A,FEMA NFIP / NOAA / USGS NED / Census,15.0,0.0,,1.0,0.3584,490419,0,321.33005023280197
Carrollton,TX,32.952887,-96.889954,285128,521,0.72,0.663,0.0,158,0.586,A,FEMA NFIP / NOAA / USGS NED / Census,7.0,219.70000000000002,330.0,0.4666666666666667,0.5237,583771,3,382.47961813670173
Bloomington,IL,40.477661,-88.952721,284936,689,0.523,0.0,0.0,49,0.24,A,FEMA NFIP / NOAA / USGS NED / Census,15.0,0.0,,1.0,0.3592,489634,0,231.87988409424568
Orlando,FL,28.40865,-81.254805,284677,1270,0.947,0.74,0.0,142,0.69,AE,FEMA NFIP / NOAA / USGS NED / Census,12.0,301.5,545.0,0.8,0.6838,674001,9,257.25625215085824
Roanoke,VA,37.270969,-79.941429,283782,1175,0.528,0.432,0.0,71,0.385,A,FEMA NFIP / NOAA / USGS NED / Census,1.0,3.0,11.0,0.06666666666666667,0.3292,470624,4,595.7997260396952
Yakima,WA,46.602082,-120.505898,283226,2229,0.53,0.153,0.0,54,0.292,A,FEMA NFIP / NOAA / USGS NED / Census,15.0,0.0,,1.0,0.4002,509920,5,157.14555634139722
New Orleans,LA,29.954694,-90.07513,282604,3,0.98,0.722,1.0,78,0.857,AE,FEMA NFIP / NOAA / USGS NED / Census,9.0,312.1,1911.0,0.6,0.8625,770095,3,512.2660353491883
Laredo,TX,27.506408,-99.507524,282365,1179,0.823,0.863,0.0,158,0.687,AE,FEMA NFIP / NOAA / USGS NED / Census,7.0,219.70000000000002,330.0,0.4666666666666667,0.615,629673,3,474.25919754897103
Yonkers,NY,40.93121,-73.898743,281758,2052,0.664,0.3,0.0,87,0.41,A,FEMA NFIP / NOAA / USGS NED / Census,2.0,72.0,61.0,0.13333333333333333,0.3606,484961,2,25.91059631091397
Killeen,TX,31.117119,-97.727796,281513,345,0.807,0.706,0.0,158,0.634,AE,FEMA NFIP / NOAA / USGS NED / Census,7.0,219.70000000000002,330.0,0.4666666666666667,0.5693,602043,3,270.5563022369975
Durham,NC,35.994033,-78.898619,280983,1641,0.686,0.462,0.0,74,0.459,A,FEMA NFIP / NOAA / USGS NED / Census,4.0,68.1,166.0,0.26666666666666666,0.4299,522572,4,557.2103176103611
Fontana,CA,34.108956,-117.462888,280594,2264,0.602,0.523,0.0,89,0.453,A,FEMA NFIP / NOAA / USGS NED / Census,1.0,4.2,22.0,0.06666666666666667,0.3816,494743,8,87.88502334394703
Cape Coral,FL,26.645022,-81.993319,280590,1231,0.876,0.827,0.0,142,0.687,AE,FEMA NFIP / NOAA / USGS NED / Census,12.0,301.5,545.0,0.8,0.6772,660621,9,177.5639597696047
Canton,OH,40.798889,-81.37896,279834,1944,0.529,0.0,0.0,57,0.247,A,FEMA NFIP / NOAA / USGS NED / Census,15.0,0.0,,1.0,0.3616,482209,7,387.53498404840116
Gresham,OR,45.498345,-122.430147,279728,2032,0.428,0.288,0.0,52,0.29,X500,FEMA NFIP / NOAA / USGS NED / Census,15.0,0.0,,1.0,0.3932,499706,5,209.86819633927976
Sandy,UT,40.592041,-111.87391,279189,1758,0.238,0.0,0.0,15,0.104,X,FEMA NFIP / NOAA / USGS NED / Census,15.0,0.0,,1.0,0.2452,416103,1,574.8798028201876
Wilkes-Barre,PA,41.245876,-75.881261,279027,2002,0.588,0.0,0.0,56,0.27,A,FEMA NFIP / NOAA / USGS NED / Census,1.0,1.8,13.0,0.06666666666666667,0.2452,415861,2,168.2094343463874
Chesapeake,VA,36.818683,-76.274719,278984,1842,0.722,0.46,0.0,71,0.471,A,FEMA NFIP / NOAA / USGS NED / Census,1.0,3.0,11.0,0.06666666666666667,0.4138,509871,2,475.5389300929745
Sparks,NV,39.534616,-119.752571,278731,2296,0.203,0.0,0.0,16,0.091,X,FEMA NFIP / NOAA / USGS NED / Census,15.0,0.0,,1.0,0.2312,407616,1,553.4005579022856
Eagan,MN,44.804688,-93.166901,278071,93,0.661,0.0,0.0,43,0.291,A,FEMA NFIP / NOAA / USGS NED / Census,15.0,0.0,,1.0,0.4144,508536,7,671.3579606432332
Saint Paul,MN,44.954445,-93.092525,277595,270,0.634,0.0,0.0,43,0.28,A,FEMA NFIP / NOAA / USGS NED / Census,15.0,0.0,,1.0,0.4036,501669,7,672.378961336471
Birmingham,AL,33.527174,-86.797036,277348,597,0.627,0.668,0.0,65,0.492,A,FEMA NFIP / NOAA / USGS NED / Census,1.0,1.5,2.0,0.06666666666666667,0.4278,514646,4,305.7950068384362
Fayetteville,AR,36.071455,-94.166564,276911,264,0.453,0.0,0.0,46,0.21,X500,FEMA NFIP / NOAA / USGS NED / Census,1.0,1.0,20.0,0.06666666666666667,0.1912,382801,0,451.2745810229772
Billings,MT,45.783268,-108.50069,276474,1440,0.45,0.0,0.0,22,0.194,X500,FEMA NFIP / NOAA / USGS NED / Census,15.0,0.0,,1.0,0.33,458946,6,731.6314588122781
Grand Forks,ND,47.925226,-97.032852,276389,71,0.431,0.0,0.0,33,0.193,X500,FEMA NFIP / NOAA / USGS NED / Census,1.0,1.5,0.0,0.06666666666666667,0.1824,377215,7,1093.227989321342
Bethlehem,PA,40.625977,-75.370293,275660,2217,0.322,0.0,0.0,56,0.164,X500,FEMA NFIP / NOAA / USGS NED / Census,1.0,1.8,13.0,0.06666666666666667,0.1388,352183,2,115.46878194667985
Midland,TX,31.997345,-102.07792,275160,2779,0.866,0.602,0.0,158,0.626,AE,FEMA NFIP / NOAA / USGS NED / Census,7.0,219.70000000000002,330.0,0.4666666666666667,0.5669,587136,3,685.3537218887519
Rochester,MN,44.021608,-92.46982,274137,321,0.515,0.0,0.0,43,0.233,A,FEMA NFIP / NOAA / USGS NED / Census,15.0,0.0,,1.0,0.356,469322,7,590.2432104690115
Atmore,AL,31.124067,-87.457798,274088,1017,0.528,0.625,0.0,65,0.439,A,FEMA NFIP / NOAA / USGS NED / Census,1.0,1.5,2.0,0.06666666666666667,0.3775,481024,4,409.2146508531628
Longmont,CO,40.168199,-105.100522,273992,1235,0.173,0.0,0.0,28,0.087,X,FEMA NFIP / NOAA / USGS NED / Census,2.0,7.9,18.0,0.13333333333333333,0.0892,322872,6,48.90049210558301
Athens,GA,33.960947,-83.377151,273777,957,0.716,0.545,0.0,59,0.487,A,FEMA NFIP / NOAA / USGS NED / Census,2.0,4.5,10.0,0.13333333333333333,0.4426,516124,4,127.07138579055957
Galveston,TX,29.300239,-94.797697,272374,7,0.97,0.778,1.0,158,0.92,AE,FEMA NFIP / NOAA / USGS NED / Census,7.0,219.70000000000002,330.0,0.4666666666666667,0.8525,736771,3,76.50195650715712
Anaheim,CA,33.855502,-117.758657,271807,2372,0.653,0.553,0.0,89,0.483,A,FEMA NFIP / NOAA / USGS NED / Census,1.0,4.2,22.0,0.06666666666666667,0.4095,494416,8,62.86354215762186
Lawton,OK,34.608626,-98.390463,270971,422,0.688,0.0,0.0,35,0.297,A,FEMA NFIP / NOAA / USGS NED / Census,15.0,0.0,,1.0,0.4252,501404,3,608.54848727746
Wilmington,DE,39.735651,-75.532104,269930,1970,0.83,0.434,0.6,28,0.6,AE,FEMA NFIP / NOAA / USGS NED / Census,15.0,0.0,,1.0,0.7105,653500,2,169.08980572638114
Rogers,AR,36.318085,-94.152287,268527,183,0.559,0.0,0.0,46,0.252,A,FEMA NFIP / NOAA / USGS NED / Census,1.0,1.0,20.0,0.06666666666666667,0.2336,393982,0,433.0599275734542
Conway,AR,35.07435,-92.467078,268164,413,0.647,0.0,0.0,46,0.288,A,FEMA NFIP / NOAA / USGS NED / Census,1.0,1.0,20.0,0.06666666666666667,0.2688,412328,0,443.54258414652463
Richardson,TX,32.94832,-96.7299,268008,112,0.951,0.61,0.0,158,0.662,AE,FEMA NFIP / NOAA / USGS NED / Census,7.0,219.70000000000002,330.0,0.4666666666666667,0.6029,591172,3,376.5842688217556
Springfield,MA,42.101483,-72.589811,267516,2317,0.518,0.341,0.0,31,0.329,A,FEMA NFIP / NOAA / USGS NED / Census,15.0,0.0,,1.0,0.4424,504214,2,194.4000317143751
Bloomington,MN,44.840798,-93.353448,267217,368,0.392,0.0,0.0,43,0.184,X500,FEMA NFIP / NOAA / USGS NED / Census,15.0,0.0,,1.0,0.3068,431181,7,686.5101145809731
Dearborn,MI,42.32223,-83.17638,267215,1276,0.395,0.0,0.0,40,0.183,X500,FEMA NFIP / NOAA / USGS NED / Census,15.0,0.0,,1.0,0.308,431819,7,198.27532825968154
Thornton,CO,39.91942,-104.942808,267099,920,0.372,0.0,0.0,28,0.166,X500,FEMA NFIP / NOAA / USGS NED / Census,2.0,7.9,18.0,0.13333333333333333,0.1688,357271,6,18.295845793619186
Kenner,LA,29.994186,-90.239891,266523,817,0.974,0.696,0.0,78,0.647,AE,FEMA NFIP / NOAA / USGS NED / Census,9.0,312.1,1911.0,0.6,0.6536,614921,3,496.5056374717307
Ontario,CA,34.037648,-117.604433,266386,2142,0.35,0.651,0.0,89,0.391,X500,FEMA NFIP / NOAA / USGS NED / Census,1.0,4.2,22.0,0.06666666666666667,0.3127,432983,8,74.33961635899558
Downey,CA,33.938237,-118.130856,265736,1963,0.429,0.528,0.0,89,0.386,X500,FEMA NFIP / NOAA / USGS NED / Census,1.0,4.2,22.0,0.06666666666666667,0.3136,432405,8,27.347152449329887
Albany,GA,31.578085,-84.155729,264879,1595,0.594,0.615,0.0,59,0.459,A,FEMA NFIP / NOAA / USGS NED / Census,2.0,4.5,10.0,0.13333333333333333,0.4114,482821,4,148.76496933862066
Dover,DE,39.160602,-75.521659,264532,1731,0.626,0.434,0.0,28,0.398,A,FEMA NFIP / NOAA / USGS NED / Census,15.0,0.0,,1.0,0.5089,533772,2,215.6025289373652
Lee's Summit,MO,38.91036,-94.382195,264513,119,0.689,0.0,0.0,45,0.304,A,FEMA NFIP / NOAA / USGS NED / Census,2.0,3.7,3.0,0.13333333333333333,0.2956,420893,0,363.96719355829487
Columbia,MO,38.951707,-92.334072,263382,887,0.616,0.0,0.0,45,0.274,A,FEMA NFIP / NOAA / USGS NED / Census,2.0,3.7,3.0,0.13333333333333333,0.2664,403711,0,188.49999161309427
Toledo,OH,41.663456,-83.555269,262977,1372,0.548,0.0,0.0,57,0.255,A,FEMA NFIP / NOAA / USGS NED / Census,15.0,0.0,,1.0,0.3692,457159,7,181.9372089066884
Joliet,IL,41.532432,-88.131041,262521,1184,0.43,0.0,0.0,49,0.203,X500,FEMA NFIP / NOAA / USGS NED / Census,15.0,0.0,,1.0,0.322,431584,7,226.80821350120598
Cincinnati,OH,39.103119,-84.512016,262133,927,0.664,0.0,0.0,57,0.301,A,FEMA NFIP / NOAA / USGS NED / Census,15.0,0.0,,1.0,0.4156,480017,7,366.0179697646916
Roswell,GA,34.022999,-84.36156,261791,943,0.659,0.563,0.0,59,0.469,A,FEMA NFIP / NOAA / USGS NED / Census,2.0,4.5,10.0,0.13333333333333333,0.4244,483999,4,149.02024003753033
Manchester,NH,42.995641,-71.454789,261169,2333,0.55,0.301,0.0,25,0.326,A,FEMA NFIP / NOAA / USGS NED / Census,15.0,0.0,,1.0,0.4452,493713,2,330.24110231897083
Federal Way,WA,47.323168,-122.312849,260436,2057,0.539,0.094,0.0,54,0.278,A,FEMA NFIP / NOAA / USGS NED / Census,15.0,0.0,,1.0,0.3891,463107,5,8.705823530059433
Sterling Heights,MI,42.581089,-83.030342,259829,1014,0.35,0.0,0.0,40,0.165,X500,FEMA NFIP / NOAA / USGS NED / Census,15.0,0.0,,1.0,0.29,410529,7,212.26407115332677
Muskegon,MI,43.234089,-86.248399,259483,459,0.42,0.0,0.0,40,0.193,X500,FEMA NFIP / NOAA / USGS NED / Census,15.0,0.0,,1.0,0.318,424514,7,117.80743656838065
Allentown,PA,40.608433,-75.490952,259373,2328,0.506,0.0,0.0,56,0.237,A,FEMA NFIP / NOAA / USGS NED / Census,1.0,1.8,13.0,0.06666666666666667,0.2124,369554,2,125.79334579483098
Missoula,MT,46.872105,-113.994363,259259,1820,0.457,0.0,0.0,22,0.196,X500,FEMA NFIP / NOAA / USGS NED / Census,15.0,0.0,,1.0,0.3328,431821,5,625.6986079348904
Gulf Shores,AL,30.275837,-87.701258,258261,585,0.676,0.636,0.0,65,0.502,A,FEMA NFIP / NOAA / USGS NED / Census,1.0,1.5,2.0,0.06666666666666667,0.4394,485220,4,480.3693851360631
Elgin,IL,42.039649,-88.281304,258221,316,0.453,0.0,0.0,49,0.212,X500,FEMA NFIP / NOAA / USGS NED / Census,15.0,0.0,,1.0,0.3312,429266,7,223.80035569962348
Warren,MI,42.467475,-83.026756,257990,1515,0.461,0.0,0.0,40,0.209,X500,FEMA NFIP / NOAA / USGS NED / Census,15.0,0.0,,1.0,0.3344,430533,7,211.20658969233065
Troy,MI,42.60594,-83.144988,257980,1355,0.488,0.0,0.0,40,0.22,X500,FEMA NFIP / NOAA / USGS NED / Census,15.0,0.0,,1.0,0.3452,436089,7,203.38611609856542
Lynn,MA,42.466763,-70.949265,257606,1945,0.5,0.317,0.0,31,0.314,A,FEMA NFIP / NOAA / USGS NED / Census,15.0,0.0,,1.0,0.4292,478734,2,320.37060372293263
Bismarck,ND,46.808327,-100.783745,256376,847,0.48,0.0,0.0,33,0.213,X500,FEMA NFIP / NOAA / USGS NED / Census,1.0,1.5,0.0,0.06666666666666667,0.202,359951,6,850.5236650673595
Minot,ND,48.232326,-101.296064,255735,500,0.41,0.0,0.0,33,0.185,X500,FEMA NFIP / NOAA / USGS NED / Census,1.0,1.5,0.0,0.06666666666666667,0.174,344730,6,984.266933074185
Jackson,MS,32.298757,-90.18481,255550,703,0.728,0.574,0.0,68,0.506,A,FEMA NFIP / NOAA / USGS NED / Census,2.0,48.6,244.0,0.13333333333333333,0.4547,487947,3,569.8334886803043
Tacoma,WA,47.252763,-122.444412,254872,289,0.468,0.136,0.2,54,0.302,X500,FEMA NFIP / NOAA / USGS NED / Census,15.0,0.0,,1.0,0.4112,464478,5,21.27673470143493
Chicago,IL,41.831392,-87.6297,254866,597,0.476,0.0,0.0,49,0.221,X500,FEMA NFIP / NOAA / USGS NED / Census,15.0,0.0,,1.0,0.3404,428378,7,176.22521922373258
Berkeley,CA,37.865673,-122.298725,254738,1953,0.348,0.502,0.0,89,0.345,X500,FEMA NFIP / NOAA / USGS NED / Census,1.0,4.2,22.0,0.06666666666666667,0.2747,394691,8,552.5254824256009
Panama City,FL,30.166271,-85.670191,254625,1042,0.83,0.694,0.8,142,0.789,AE,FEMA NFIP / NOAA / USGS NED / Census,12.0,301.5,545.0,0.8,0.7855,654640,4,354.97173018843495
Spokane,WA,47.65878,-117.426048,254237,2316,0.465,0.121,0.0,54,0.256,X500,FEMA NFIP / NOAA / USGS NED / Census,15.0,0.0,,1.0,0.3662,440440,5,362.3705730594105
Riverside,CA,33.938143,-117.393168,253766,1852,0.344,0.623,0.0,89,0.38,X500,FEMA NFIP / NOAA / USGS NED / Census,1.0,4.2,22.0,0.06666666666666667,0.3034,407751,8,94.26945373041859
Huntsville,AL,34.782275,-86.532599,253481,629,0.539,0.554,0.0,65,0.422,A,FEMA NFIP / NOAA / USGS NED / Census,1.0,1.5,2.0,0.06666666666666667,0.3641,438065,4,345.56048776648623
Everett,WA,47.978984,-122.202067,252380,1978,0.405,0.069,0.0,54,0.216,X500,FEMA NFIP / NOAA / USGS NED / Census,15.0,0.0,,1.0,0.3293,418597,5,66.5455924331571
Cranston,RI,41.779717,-71.437695,252332,2299,0.66,0.328,0.0,26,0.378,A,FEMA NFIP / NOAA / USGS NED / Census,15.0,0.0,,1.0,0.496,502645,2,245.3019405577626
Gary,IN,41.593054,-87.346563,251864,744,0.409,0.0,0.0,38,0.187,X500,FEMA NFIP / NOAA / USGS NED / Census,15.0,0.0,,1.0,0.3136,409833,7,164.97852193339472
Salt Lake City,UT,40.760779,-111.891047,251659,4327,0.3,0.0,0.0,15,0.129,X,FEMA NFIP / NOAA / USGS NED / Census,15.0,0.0,,1.0,0.27,387554,1,590.3093093079588
Cheyenne,WY,41.139981,-104.820246,251403,1075,0.299,0.0,0.0,18,0.131,X,FEMA NFIP / NOAA / USGS NED / Census,15.0,0.0,,1.0,0.2696,386959,6,153.32766247400366
Amarillo,TX,35.221997,-101.831297,251039,3676,0.827,0.57,0.0,158,0.601,AE,FEMA NFIP / NOAA / USGS NED / Census,7.0,219.70000000000002,330.0,0.4666666666666667,0.5433,523817,6,571.9451241261229
Madison,WI,43.073051,-89.400898,249900,519,0.42,0.0,0.0,41,0.194,X500,FEMA NFIP / NOAA / USGS NED / Census,15.0,0.0,,1.0,0.318,408836,7,323.56202116376346
Pine Bluff,AR,34.211591,-92.017555,248935,216,0.648,0.0,0.0,46,0.288,A,FEMA NFIP / NOAA / USGS NED / Census,1.0,1.0,20.0,0.06666666666666667,0.2692,382961,0,517.1884419435735
Fairbanks,AK,64.836531,-147.651745,248635,436,0.431,0.119,0.0,35,0.23,X500,FEMA NFIP / NOAA / USGS NED / Census,15.0,0.0,,1.0,0.3521,423723,5,2464.9570090394927
Glendale,AZ,33.533111,-112.189901,248286,1613,0.187,0.0,0.0,18,0.086,X,FEMA NFIP / NOAA / USGS NED / Census,15.0,0.0,,1.0,0.2248,359915,1,395.6033693839093
Fort Smith,AR,35.349276,-94.370883,247271,345,0.607,0.0,0.0,46,0.272,A,FEMA NFIP / NOAA / USGS NED / Census,1.0,1.0,20.0,0.06666666666666667,0.2528,372291,0,519.6009632256286
Elk Grove,CA,38.414621,-121.384961,247177,2227,0.364,0.425,0.0,89,0.328,X500,FEMA NFIP / NOAA / USGS NED / Census,1.0,4.2,22.0,0.06666666666666667,0.2619,376648,8,556.7273994985295
Pompano Beach,FL,26.241622,-80.133851,246617,1240,0.974,0.908,0.0,142,0.751,AE,FEMA NFIP / NOAA / USGS NED / Census,12.0,301.5,545.0,0.8,0.7366,609933,9,12.921868531861259
Broomfield,CO,39.953593,-105.050787,246582,860,0.433,0.0,0.0,28,0.191,X500,FEMA NFIP / NOAA / USGS NED / Census,2.0,7.9,18.0,0.13333333333333333,0.1932,341861,6,25.775053994536723
Kent,WA,47.380932,-122.23484,244812,2592,0.396,0.199,0.0,54,0.252,X500,FEMA NFIP / NOAA / USGS NED / Census,15.0,0.0,,1.0,0.3581,420146,5,0.0
Bethel,AK,60.793905,-161.796322,244407,1860,0.417,0.057,0.0,35,0.206,X500,FEMA NFIP / NOAA / USGS NED / Census,15.0,0.0,,1.0,0.331,406204,5,2916.4302490660275
Norfolk,VA,36.896208,-76.259499,243783,10,0.92,0.5,0.6,71,0.682,AE,FEMA NFIP / NOAA / USGS NED / Census,1.0,3.0,11.0,0.06666666666666667,0.623,547536,2,467.1078175503613
Ann Arbor,MI,42.281389,-83.748368,243588,1475,0.417,0.0,0.0,40,0.192,X500,FEMA NFIP / NOAA / USGS NED / Census,15.0,0.0,,1.0,0.3168,397925,7,151.26843302537497
Waukesha,WI,43.011341,-88.231544,243021,929,0.335,0.0,0.0,41,0.159,X500,FEMA NFIP / NOAA / USGS NED / Census,15.0,0.0,,1.0,0.284,381056,7,230.54874530570766
Fayetteville,NC,35.05266,-78.878358,242860,1801,0.736,0.598,0.0,74,0.52,A,FEMA NFIP / NOAA / USGS NED / Census,4.0,68.1,166.0,0.26666666666666666,0.4839,477899,4,501.7065186210085
Murfreesboro,TN,35.846197,-86.39031,241648,1147,0.63,0.0,0.0,47,0.282,A,FEMA NFIP / NOAA / USGS NED / Census,1.0,2.0,31.0,0.06666666666666667,0.262,368271,4,420.5583815576391
Huntington,WV,38.419315,-82.445154,240546,1213,0.548,0.0,0.0,30,0.238,A,FEMA NFIP / NOAA / USGS NED / Census,15.0,0.0,,1.0,0.3692,418165,7,506.22342604326235
Waterloo,IA,42.492853,-92.344049,240279,530,0.357,0.0,0.0,44,0.17,X500,FEMA NFIP / NOAA / USGS NED / Census,1.0,2.0,3.0,0.06666666666666667,0.1528,313708,0,466.43863238649794
Peoria,IL,40.693584,-89.588966,239728,666,0.484,0.0,0.0,49,0.224,X500,FEMA NFIP / NOAA / USGS NED / Census,15.0,0.0,,1.0,0.3436,404469,0,235.65785606531995
Lake Havasu City,AZ,34.499809,-114.310943,239125,1827,0.05,0.0,0.0,18,0.031,X,FEMA NFIP / NOAA / USGS NED / Census,15.0,0.0,,1.0,0.17,320427,1,195.85167860379525
Lorain,OH,41.452818,-82.182373,237518,1681,0.659,0.0,0.0,57,0.299,A,FEMA NFIP / NOAA / USGS NED / Census,15.0,0.0,,1.0,0.4136,433992,7,296.94831497276397
Covington,KY,39.082941,-84.509506,236252,1095,0.442,0.0,0.0,48,0.207,X500,FEMA NFIP / NOAA / USGS NED / Census,1.0,1.8,43.0,0.06666666666666667,0.1868,324515,7,368.2476314543853
Bridgeport,CT,41.187393,-73.195757,236141,2258,0.601,0.406,0.0,32,0.382,A,FEMA NFIP / NOAA / USGS NED / Census,1.0,2.0,5.0,0.06666666666666667,0.3519,402337,2,86.11139955502189
Pasadena,TX,29.688965,-95.208861,235763,5,0.945,0.796,0.0,158,0.716,AE,FEMA NFIP / NOAA / USGS NED / Census,7.0,219.70000000000002,330.0,0.4666666666666667,0.647,540840,3,18.71677345490653
Naperville,IL,41.785116,-88.145706,235625,508,0.387,0.0,0.0,49,0.185,X500,FEMA NFIP / NOAA / USGS NED / Census,15.0,0.0,,1.0,0.3048,379262,7,218.6757360540009
Vallejo,CA,38.106909,-122.262339,234294,1942,0.604,0.49,0.0,89,0.444,A,FEMA NFIP / NOAA / USGS NED / Census,1.0,4.2,22.0,0.06666666666666667,0.3741,409592,8,571.2150192919753
Hayward,CA,37.626826,-122.104015,234078,1921,0.423,0.474,0.0,89,0.367,X500,FEMA NFIP / NOAA / USGS NED / Census,1.0,4.2,22.0,0.06666666666666667,0.2977,373448,8,521.2206149775567
Bellingham,WA,48.759613,-122.487735,233260,2156,0.357,0.072,0.0,54,0.198,X500,FEMA NFIP / NOAA / USGS NED / Census,15.0,0.0,,1.0,0.3108,378254,5,154.44939712118278
Passaic,NJ,40.856997,-74.128487,232828,2313,0.874,0.385,0.0,51,0.497,AE,FEMA NFIP / NOAA / USGS NED / Census,2.0,41.8,67.0,0.13333333333333333,0.4658,449730,2,19.067458437548204
New Haven,CT,41.310809,-72.924953,231589,56,0.674,0.323,0.0,32,0.387,A,FEMA NFIP / NOAA / USGS NED / Census,1.0,2.0,5.0,0.06666666666666667,0.3604,398518,2,112.46637282781761
Gaithersburg,MD,39.143396,-77.201654,230912,1983,0.769,0.428,0.0,34,0.457,AE,FEMA NFIP / NOAA / USGS NED / Census,1.0,1.5,3.0,0.06666666666666667,0.4246,427002,2,323.5492082902652
Reading,PA,40.336151,-75.926788,230225,2072,0.527,0.0,0.0,56,0.246,A,FEMA NFIP / NOAA / USGS NED / Census,1.0,1.8,13.0,0.06666666666666667,0.2208,331892,2,167.66223550970741
McAllen,TX,26.203407,-98.230022,229785,314,0.861,0.806,0.0,158,0.685,AE,FEMA NFIP / NOAA / USGS NED / Census,7.0,219.70000000000002,330.0,0.4666666666666667,0.6159,512834,3,484.50677590852393
Lincoln,NE,40.813616,-96.702584,229615,789,0.398,0.0,0.0,36,0.182,X500,FEMA NFIP / NOAA / USGS NED / Census,1.0,1.3,4.0,0.06666666666666667,0.1692,307316,0,606.8198017060182
Flint,MI,43.012528,-83.687642,229357,1282,0.478,0.0,0.0,40,0.216,X500,FEMA NFIP / NOAA / USGS NED / Census,15.0,0.0,,1.0,0.3412,385870,7,174.77114558151558
Meriden,CT,41.536777,-72.794543,229208,2180,0.649,0.286,0.0,32,0.365,A,FEMA NFIP / NOAA / USGS NED / Census,1.0,2.0,5.0,0.06666666666666667,0.3411,385573,2,136.71354114335247
Lancaster,PA,40.037874,-76.305527,228136,1832,0.572,0.0,0.0,56,0.264,A,FEMA NFIP / NOAA / USGS NED / Census,1.0,1.8,13.0,0.06666666666666667,0.2388,337093,2,208.74307626713744
San Bernardino,CA,34.14114,-117.294635,228047,2071,0.295,0.575,0.0,89,0.346,X,FEMA NFIP / NOAA / USGS NED / Census,1.0,4.2,22.0,0.06666666666666667,0.2718,352013,8,103.68538729878595
Springfield,OR,44.046139,-122.962425,226422,2230,0.274,0.327,0.0,52,0.24,X,FEMA NFIP / NOAA / USGS NED / Census,15.0,0.0,,1.0,0.3414,381022,5,375.08535789301584
Cleveland,OH,41.499498,-81.695391,226076,653,0.409,0.0,0.0,57,0.199,X500,FEMA NFIP / NOAA / USGS NED / Census,15.0,0.0,,1.0,0.3136,367870,7,333.93563252974354
Mount Vernon,NY,40.912518,-73.834107,225641,2086,0.641,0.432,0.0,87,0.44,A,FEMA NFIP / NOAA / USGS NED / Census,2.0,72.0,61.0,0.13333333333333333,0.3844,399113,2,26.504776849152595
Surprise,AZ,33.670801,-112.452546,224013,1565,0.36,0.0,0.0,18,0.155,X500,FEMA NFIP / NOAA / USGS NED / Census,15.0,0.0,,1.0,0.294,355732,1,367.92932558811685
Brownsville,TX,25.901747,-97.497407,223724,385,0.931,0.818,0.0,158,0.717,AE,FEMA NFIP / NOAA / USGS NED / Census,7.0,219.70000000000002,330.0,0.4666666666666667,0.6469,513178,3,476.98640360509006
Newark,DE,39.677537,-75.757514,223420,2255,0.582,0.472,0.0,28,0.392,A,FEMA NFIP / NOAA / USGS NED / Census,15.0,0.0,,1.0,0.5008,447197,2,188.09780921962167
Greenville,SC,34.851354,-82.398017,222307,1181,0.68,0.633,0.0,62,0.501,A,FEMA NFIP / NOAA / USGS NED / Census,4.0,4.8,28.0,0.26666666666666666,0.4702,431364,4,250.78216110957987
Moreno Valley,CA,33.923253,-117.205685,221890,1836,0.508,0.603,0.0,89,0.44,A,FEMA NFIP / NOAA / USGS NED / Census,1.0,4.2,22.0,0.06666666666666667,0.364,383425,8,111.64537437772735
Henderson,NV,36.039524,-114.981721,221672,2190,0.2,0.0,0.0,16,0.09,X,FEMA NFIP / NOAA / USGS NED / Census,15.0,0.0,,1.0,0.23,323641,1,19.09733166558737
Saginaw,MI,43.419518,-83.950684,221024,1315,0.394,0.0,0.0,40,0.183,X500,FEMA NFIP / NOAA / USGS NED / Census,15.0,0.0,,1.0,0.3076,356997,7,183.0363829359293
Rutland,VT,43.610536,-72.972895,220963,1632,0.44,0.0,0.0,23,0.19,X500,FEMA NFIP / NOAA / USGS NED / Census,1.0,0.3,0.0,0.06666666666666667,0.186,303161,2,333.2692630450735
Jackson,TN,35.614515,-88.813888,220954,617,0.53,0.0,0.0,47,0.242,A,FEMA NFIP / NOAA / USGS NED / Census,1.0,2.0,31.0,0.06666666666666667,0.222,319057,0,356.77450233645055
Macon,GA,32.835777,-83.616539,220883,1480,0.608,0.665,0.0,59,0.48,A,FEMA NFIP / NOAA / USGS NED / Census,2.0,4.5,10.0,0.13333333333333333,0.4294,410577,4,0.0
North Little Rock,AR,34.781752,-92.235057,219695,359,0.605,0.0,0.0,46,0.271,A,FEMA NFIP / NOAA / USGS NED / Census,1.0,1.0,20.0,0.06666666666666667,0.252,330421,0,464.4536458619471
Twin Falls,ID,42.557887,-114.460762,219590,2008,0.316,0.0,0.0,21,0.14,X500,FEMA NFIP / NOAA / USGS NED / Census,15.0,0.0,,1.0,0.2764,340979,1,719.0596603752018
Charleston,WV,38.349819,-81.632622,218918,16,0.87,0.0,0.8,30,0.527,AE,FEMA NFIP / NOAA / USGS NED / Census,15.0,0.0,,1.0,0.658,507014,7,551.7512802458206
Key West,FL,24.565063,-81.775539,218513,1463,0.95,0.877,1.0,142,0.932,AE,FEMA NFIP / NOAA / USGS NED / Census,12.0,301.5,545.0,0.8,0.9192,620227,9,243.2212836207156
Abbeville,AL,31.564724,-85.259123,218266,671,0.611,0.611,0.0,65,0.468,A,FEMA NFIP / NOAA / USGS NED / Census,1.0,1.5,2.0,0.06666666666666667,0.4072,396021,4,209.42750596638166
Jacksonville,FL,30.336864,-81.661603,218152,19,0.82,0.718,0.6,142,0.752,AE,FEMA NFIP / NOAA / USGS NED / Census,12.0,301.5,545.0,0.8,0.7475,544289,4,333.8965723558253
Rio Rancho,NM,35.237758,-106.664558,217581,1579,0.307,0.0,0.0,22,0.137,X500,FEMA NFIP / NOAA / USGS NED / Census,15.0,0.0,,1.0,0.2728,336293,6,527.0504199122443
Miami,FL,25.775163,-80.208615,216981,8,0.9,0.881,0.8,142,0.873,AE,FEMA NFIP / NOAA / USGS NED / Census,12.0,301.5,545.0,0.8,0.8602,590275,9,55.335902877334654
Loveland,CO,40.416905,-105.063111,216807,1384,0.207,0.0,0.0,28,0.1,X,FEMA NFIP / NOAA / USGS NED / Census,2.0,7.9,18.0,0.13333333333333333,0.1028,261382,6,74.46613286277194
Roswell,NM,33.394427,-104.52325,215904,1061,0.257,0.0,0.0,22,0.117,X,FEMA NFIP / NOAA / USGS NED / Census,15.0,0.0,,1.0,0.2528,325065,6,708.7438809381731
Kearney,NE,40.699338,-99.081509,215873,307,0.389,0.0,0.0,36,0.178,X500,FEMA NFIP / NOAA / USGS NED / Census,1.0,1.3,4.0,0.06666666666666667,0.1656,287370,6,503.1509340732791
Tampa,FL,27.947819,-82.458444,215650,19,0.87,0.822,1.0,142,0.883,AE,FEMA NFIP / NOAA / USGS NED / Census,12.0,301.5,545.0,0.8,0.8735,592390,9,286.6165021641471
Palm Bay,FL,27.96489,-80.658275,215421,1728,0.98,0.843,0.0,142,0.734,AE,FEMA NFIP / NOAA / USGS NED / Census,12.0,301.5,545.0,0.8,0.7228,526833,9,192.4763154738855
Overland Park,KS,38.982234,-94.670875,215088,270,0.233,0.0,0.0,37,0.116,X,FEMA NFIP / NOAA / USGS NED / Census,15.0,0.0,,1.0,0.2432,319706,0,389.4336499184784
Worcester,MA,42.262593,-71.802293,214791,2077,0.562,0.276,0.0,31,0.327,A,FEMA NFIP / NOAA / USGS NED / Census,15.0,0.0,,1.0,0.4438,405439,2,251.7597002469697
Lowell,MA,42.63343,-71.316711,214608,2049,0.67,0.314,0.0,31,0.382,A,FEMA NFIP / NOAA / USGS NED / Census,15.0,0.0,,1.0,0.4965,427713,2,309.0012549139828
Gillette,WY,44.290695,-105.502464,214433,1261,0.116,0.0,0.0,18,0.058,X,FEMA NFIP / NOAA / USGS NED / Census,15.0,0.0,,1.0,0.1964,298662,6,506.18857828688095
Mobile,AL,30.668426,-88.100226,213678,23,0.569,0.659,0.8,65,0.626,A,FEMA NFIP / NOAA / USGS NED / Census,1.0,1.5,2.0,0.06666666666666667,0.5624,454023,4,487.58375463911256
Grand Junction,CO,39.089062,-108.567452,213551,1502,0.333,0.0,0.0,28,0.151,X500,FEMA NFIP / NOAA / USGS NED / Census,2.0,7.9,18.0,0.13333333333333333,0.1532,278983,6,325.3212312158668
Roseville,CA,38.770292,-121.319618,213165,2528,0.501,0.468,0.0,89,0.396,A,FEMA NFIP / NOAA / USGS NED / Census,1.0,4.2,22.0,0.06666666666666667,0.3274,352745,8,588.8569045408785
Yuma,AZ,32.516286,-114.521782,211152,2001,0.219,0.0,0.0,18,0.099,X,FEMA NFIP / NOAA / USGS NED / Census,15.0,0.0,,1.0,0.2376,311491,8,398.2921204076458
Greenville,NC,35.613049,-77.366234,211087,1929,0.68,0.569,0.0,74,0.489,A,FEMA NFIP / NOAA / USGS NED / Census,4.0,68.1,166.0,0.26666666666666666,0.4542,402838,2,638.5107658739983
Concord,NC,35.408835,-80.579095,210831,1486,0.718,0.478,0.0,74,0.477,A,FEMA NFIP / NOAA / USGS NED / Census,4.0,68.1,166.0,0.26666666666666666,0.4467,399187,4,399.99991740570806
Gainesville,FL,29.680694,-82.349175,210775,1560,0.917,0.708,0.0,142,0.668,AE,FEMA NFIP / NOAA / USGS NED / Census,12.0,301.5,545.0,0.8,0.6638,490599,4,370.92542933364956
Youngstown,OH,41.099798,-80.649493,209033,1725,0.512,0.0,0.0,57,0.24,A,FEMA NFIP / NOAA / USGS NED / Census,15.0,0.0,,1.0,0.3548,357362,7,430.80383511505977
Pittsburgh,PA,40.440625,-79.995888,208562,1214,0.512,0.0,0.0,56,0.24,A,FEMA NFIP / NOAA / USGS NED / Census,1.0,1.8,13.0,0.06666666666666667,0.2148,298160,2,506.69282909728537
Bozeman,MT,45.679584,-111.063419,208417,1915,0.138,0.0,0.0,22,0.069,X,FEMA NFIP / NOAA / USGS NED / Census,15.0,0.0,,1.0,0.2052,293951,6,828.9388429700223
Franklin,TN,35.925063,-86.86889,208280,862,0.529,0.0,0.0,47,0.241,A,FEMA NFIP / NOAA / USGS NED / Census,1.0,2.0,31.0,0.06666666666666667,0.2216,300589,0,420.77596089455534
Chattanooga,TN,35.045631,-85.309677,208056,1267,0.574,0.0,0.0,47,0.259,A,FEMA NFIP / NOAA / USGS NED / Census,1.0,2.0,31.0,0.06666666666666667,0.2396,307756,4,291.14998360362523
Jersey City,NJ,40.7177,-74.042671,207757,2547,0.727,0.409,0.0,51,0.445,A,FEMA NFIP / NOAA / USGS NED / Census,2.0,41.8,67.0,0.13333333333333333,0.413,379364,2,3.140964202459374
West Memphis,AR,35.149554,-90.199266,206256,595,0.622,0.0,0.0,46,0.278,A,FEMA NFIP / NOAA / USGS NED / Census,1.0,1.0,20.0,0.06666666666666667,0.2588,313014,0,386.67468665420404
Newton,MA,42.337368,-71.209188,205232,2443,0.585,0.366,0.0,31,0.363,A,FEMA NFIP / NOAA / USGS NED / Census,15.0,0.0,,1.0,0.4755,400407,2,294.65967345753035
Jonesboro,AR,35.819755,-90.679033,204736,197,0.585,0.0,0.0,46,0.263,A,FEMA NFIP / NOAA / USGS NED / Census,1.0,1.0,20.0,0.06666666666666667,0.244,304647,0,315.0257614344415
Atlanta,GA,33.749027,-84.388229,204458,1050,0.64,0.602,0.0,59,0.474,A,FEMA NFIP / NOAA / USGS NED / Census,2.0,4.5,10.0,0.13333333333333333,0.4265,378860,4,124.32371181658695
Woodbury,MN,44.924374,-92.959587,204222,5,0.44,0.0,0.0,43,0.203,X500,FEMA NFIP / NOAA / USGS NED / Census,15.0,0.0,,1.0,0.326,337374,7,661.4513855491246
Tempe,AZ,33.388414,-111.931782,203371,1957,0.323,0.0,0.0,18,0.141,X500,FEMA NFIP / NOAA / USGS NED / Census,15.0,0.0,,1.0,0.2792,316933,1,423.7048840611586
Medford,OR,42.326862,-122.874834,203087,2401,0.531,0.364,0.0,52,0.354,A,FEMA NFIP / NOAA / USGS NED / Census,15.0,0.0,,1.0,0.4534,387246,5,564.2409361310474
Tupelo,MS,34.257999,-88.702856,202592,714,0.9,0.532,0.0,68,0.562,AE,FEMA NFIP / NOAA / USGS NED / Census,2.0,48.6,244.0,0.13333333333333333,0.513,410451,4,497.11735578296486
New Rochelle,NY,40.911527,-73.782312,202499,2482,0.775,0.393,0.0,87,0.482,AE,FEMA NFIP / NOAA / USGS NED / Census,2.0,72.0,61.0,0.13333333333333333,0.4283,375959,2,29.029666921460386
Palmdale,CA,34.591038,-118.105403,200580,2342,0.438,0.522,0.0,89,0.387,X500,FEMA NFIP / NOAA / USGS NED / Census,1.0,4.2,22.0,0.06666666666666667,0.3157,327226,8,69.47923756272635
Brooklyn Park,MN,45.094026,-93.35601,200322,293,0.432,0.0,0.0,43,0.2,X500,FEMA NFIP / NOAA / USGS NED / Census,15.0,0.0,,1.0,0.3228,329649,7,697.5723496676707
Scottsdale,AZ,33.684272,-111.861448,199213,1388,0.274,0.0,0.0,18,0.121,X,FEMA NFIP / NOAA / USGS NED / Census,15.0,0.0,,1.0,0.2596,302644,1,405.2001254247102
Spokane Valley,WA,47.673555,-117.239624,197992,2078,0.414,0.191,0.0,54,0.257,X500,FEMA NFIP / NOAA / USGS NED / Census,15.0,0.0,,1.0,0.3633,341852,5,376.39939602979655
Pearl City,HI,21.397232,-157.976059,197979,2002,0.606,0.76,0.0,29,0.488,A,FEMA NFIP / NOAA / USGS NED / Census,15.0,0.0,,1.0,0.5824,428584,8,4110.018505108186
Rockville,MD,39.084046,-77.152585,197313,2065,0.599,0.493,0.0,34,0.409,A,FEMA NFIP / NOAA / USGS NED / Census,1.0,1.5,3.0,0.06666666666666667,0.3728,344429,2,323.7752281946291
Flagstaff,AZ,35.216992,-111.620698,196779,1797,0.308,0.0,0.0,18,0.134,X500,FEMA NFIP / NOAA / USGS NED / Census,15.0,0.0,,1.0,0.2732,304299,1,336.0327394677195
Westminster,CO,39.880122,-105.061513,196377,1420,0.3,0.0,0.0,28,0.138,X500,FEMA NFIP / NOAA / USGS NED / Census,2.0,7.9,18.0,0.13333333333333333,0.14,251362,6,20.256931931585353
Meridian,ID,43.612312,-116.391522,196106,2270,0.241,0.0,0.0,21,0.11,X,FEMA NFIP / NOAA / USGS NED / Census,15.0,0.0,,1.0,0.2464,292747,5,618.5727338577938
Renton,WA,47.482729,-122.217289,195788,2157,0.411,0.204,0.0,54,0.259,X500,FEMA NFIP / NOAA / USGS NED / Census,15.0,0.0,,1.0,0.3654,338869,5,11.396036719322112
Waukegan,IL,42.363649,-87.834915,194990,643,0.514,0.0,0.0,49,0.236,A,FEMA NFIP / NOAA / USGS NED / Census,15.0,0.0,,1.0,0.3556,333666,7,184.93827821057025
Parma,OH,41.384841,-81.722952,194701,1554,0.493,0.0,0.0,57,0.233,X500,FEMA NFIP / NOAA / USGS NED / Census,15.0,0.0,,1.0,0.3472,329901,7,335.62116588654385
Escondido,CA,33.133053,-117.074043,194475,1787,0.61,0.641,0.0,89,0.492,A,FEMA NFIP / NOAA / USGS NED / Census,1.0,4.2,22.0,0.06666666666666667,0.4142,355578,8,158.27006207044758
Grand Island,NE,40.924969,-98.342142,193748,61,0.426,0.0,0.0,36,0.193,X500,FEMA NFIP / NOAA / USGS NED / Census,1.0,1.3,4.0,0.06666666666666667,0.1804,263652,6,568.9187628564835
Independence,MO,39.091389,-94.415489,193254,199,0.48,0.0,0.0,45,0.22,X500,FEMA NFIP / NOAA / USGS NED / Census,2.0,3.7,3.0,0.13333333333333333,0.212,275193,0,368.6547311635013
Sandy Springs,GA,33.924049,-84.391991,193087,1257,0.455,0.583,0.0,59,0.394,X500,FEMA NFIP / NOAA / USGS NED / Census,2.0,4.5,10.0,0.13333333333333333,0.3478,327398,4,140.81007182648804
Council Bluffs,IA,41.261929,-95.860726,193026,5,0.577,0.0,0.0,44,0.258,A,FEMA NFIP / NOAA / USGS NED / Census,1.0,2.0,3.0,0.06666666666666667,0.2408,285987,0,564.4153344846726
Melbourne,FL,28.110438,-80.662717,190932,1534,0.884,0.816,0.0,142,0.687,AE,FEMA NFIP / NOAA / USGS NED / Census,12.0,301.5,545.0,0.8,0.6776,449683,9,208.42146584872762
Pomona,CA,34.058494,-117.761091,189788,1863,0.49,0.521,0.0,89,0.408,X500,FEMA NFIP / NOAA / USGS NED / Census,1.0,4.2,22.0,0.06666666666666667,0.3363,317439,8,60.02566568627583
Winston-Salem,NC,36.09986,-80.244217,189783,1479,0.766,0.559,0.0,74,0.52,AE,FEMA NFIP / NOAA / USGS NED / Census,4.0,68.1,166.0,0.26666666666666666,0.4862,374327,4,476.6942902667458
Nome,AK,64.505741,-165.415287,189182,1763,0.458,0.084,0.0,35,0.23,X500,FEMA NFIP / NOAA / USGS NED / Census,15.0,0.0,,1.0,0.3542,323198,5,3196.646303555589
Miramar,FL,25.972529,-80.338582,188186,1871,0.871,0.862,0.0,142,0.696,AE,FEMA NFIP / NOAA / USGS NED / Census,12.0,301.5,545.0,0.8,0.6839,445586,9,34.08920103389355
Ketchikan,AK,55.357145,-131.674552,187982,2259,0.331,0.066,0.0,35,0.174,X500,FEMA NFIP / NOAA / USGS NED / Census,15.0,0.0,,1.0,0.2989,300357,5,1100.6746105787147
Evanston,IL,42.04533,-87.688843,187541,678,0.551,0.0,0.0,49,0.251,A,FEMA NFIP / NOAA / USGS NED / Census,15.0,0.0,,1.0,0.3704,326471,7,175.36161788979823
Parkersburg,WV,39.266666,-81.561386,187478,1366,0.494,0.0,0.0,30,0.216,X500,FEMA NFIP / NOAA / USGS NED / Census,15.0,0.0,,1.0,0.3476,317812,7,477.48403029771254
Aurora,IL,41.759945,-88.322392,187443,1202,0.69,0.0,0.0,49,0.307,A,FEMA NFIP / NOAA / USGS NED / Census,15.0,0.0,,1.0,0.426,347144,7,233.53888917312435
Frisco,TX,33.150674,-96.823612,187084,374,0.98,0.64,0.0,158,0.683,AE,FEMA NFIP / NOAA / USGS NED / Census,7.0,219.70000000000002,330.0,0.4666666666666667,0.622,419816,3,400.71743086332475
Des Moines,IA,41.600545,-93.609106,187023,555,0.566,0.0,0.0,44,0.254,A,FEMA NFIP / NOAA / USGS NED / Census,1.0,2.0,3.0,0.06666666666666667,0.2364,275447,0,439.6921175558172
Garden Grove,CA,33.778782,-117.960472,186672,2225,0.381,0.561,0.0,89,0.377,X500,FEMA NFIP / NOAA / USGS NED / Census,1.0,4.2,22.0,0.06666666666666667,0.3027,299683,8,49.43133560801391
Eau Claire,WI,44.811348,-91.498498,186614,528,0.257,0.0,0.0,41,0.129,X,FEMA NFIP / NOAA / USGS NED / Census,15.0,0.0,,1.0,0.2528,280966,7,552.4155422820843
Monroe,LA,32.50914,-92.119395,184869,262,0.88,0.588,0.0,78,0.577,AE,FEMA NFIP / NOAA / USGS NED / Census,9.0,312.1,1911.0,0.6,0.589,402644,3,435.54521122142
Lewiston,ID,46.41637,-117.0186,184668,2437,0.391,0.0,0.0,21,0.169,X500,FEMA NFIP / NOAA / USGS NED / Census,15.0,0.0,,1.0,0.3064,297832,5,410.4879937956207
Union City,NJ,40.7679,-74.025154,183541,2138,0.767,0.44,0.0,51,0.471,AE,FEMA NFIP / NOAA / USGS NED / Census,2.0,41.8,67.0,0.13333333333333333,0.4368,343882,2,6.338930464261576
Trenton,NJ,40.217052,-74.743317,182663,2208,0.941,0.443,0.0,51,0.541,AE,FEMA NFIP / NOAA / USGS NED / Census,2.0,41.8,67.0,0.13333333333333333,0.5072,367956,2,83.24223945066754
Greenville,MS,33.409765,-91.062034,182413,750,0.68,0.64,0.0,68,0.506,A,FEMA NFIP / NOAA / USGS NED / Census,2.0,48.6,244.0,0.13333333333333333,0.452,347314,3,576.0481582727813
Sioux City,IA,42.499308,-96.395454,181149,103,0.343,0.0,0.0,44,0.165,X500,FEMA NFIP / NOAA / USGS NED / Census,1.0,2.0,3.0,0.06666666666666667,0.1472,234479,0,677.424457574237
Auburn,AL,32.607722,-85.489545,180523,1095,0.589,0.614,0.0,65,0.46,A,FEMA NFIP / NOAA / USGS NED / Census,1.0,1.5,2.0,0.06666666666666667,0.3991,324616,4,177.04068711357368
High Point,NC,35.955691,-79.994284,179749,1282,0.765,0.569,0.0,74,0.523,AE,FEMA NFIP / NOAA / USGS NED / Census,4.0,68.1,166.0,0.26666666666666666,0.4882,355255,4,480.3475027938236
Carson City,NV,39.163931,-119.766758,178301,2266,0.237,0.0,0.0,16,0.105,X,FEMA NFIP / NOAA / USGS NED / Census,15.0,0.0,,1.0,0.2448,265597,1,527.6836826027534
Corvallis,OR,44.564566,-123.262046,178267,1965,0.217,0.299,0.0,52,0.209,X,FEMA NFIP / NOAA / USGS NED / Census,15.0,0.0,,1.0,0.3116,289362,5,323.0618080744363
Hampton,VA,37.029999,-76.344975,177810,1821,0.612,0.505,0.0,71,0.441,A,FEMA NFIP / NOAA / USGS NED / Census,1.0,3.0,11.0,0.06666666666666667,0.381,313301,2,456.78655180874205
Kansas City,KS,39.115887,-94.626785,177796,866,0.439,0.0,0.0,37,0.199,X500,FEMA NFIP / NOAA / USGS NED / Census,15.0,0.0,,1.0,0.3256,293576,0,387.08035423325947
Kodiak,AK,57.791192,-152.419712,177478,2332,0.291,0.109,0.0,35,0.171,X,FEMA NFIP / NOAA / USGS NED / Census,15.0,0.0,,1.0,0.2936,281693,5,2316.85508794211
Quincy,MA,42.251918,-71.002545,176944,2287,0.652,0.252,0.0,31,0.356,A,FEMA NFIP / NOAA / USGS NED / Census,15.0,0.0,,1.0,0.4738,344616,2,303.09845549942577
Baton Rouge,LA,30.449719,-91.18736,176108,56,0.9,0.66,0.0,78,0.607,AE,FEMA NFIP / NOAA / USGS NED / Census,9.0,312.1,1911.0,0.6,0.615,392720,3,410.7402441323781
Fremont,CA,37.49446,-121.94115,176063,2158,0.393,0.401,0.0,89,0.333,X500,FEMA NFIP / NOAA / USGS NED / Census,1.0,4.2,22.0,0.06666666666666667,0.2674,270221,8,500.70136741031723
Scranton,PA,41.408969,-75.662735,175932,1854,0.539,0.0,0.0,56,0.251,A,FEMA NFIP / NOAA / USGS NED / Census,1.0,1.8,13.0,0.06666666666666667,0.2256,255312,2,159.0173077693502
Champaign,IL,40.116421,-88.243383,175808,830,0.644,0.0,0.0,49,0.288,A,FEMA NFIP / NOAA / USGS NED / Census,15.0,0.0,,1.0,0.4076,319126,0,235.99317789205028
Provo,UT,40.233845,-111.658534,175703,1832,0.347,0.0,0.0,15,0.148,X500,FEMA NFIP / NOAA / USGS NED / Census,15.0,0.0,,1.0,0.2888,277189,1,551.3966356218634
St. George,UT,37.104153,-113.584213,175541,2292,0.314,0.0,0.0,15,0.135,X500,FEMA NFIP / NOAA / USGS NED / Census,15.0,0.0,,1.0,0.2756,272299,1,179.47267189672093
Myrtle Beach,SC,33.689061,-78.886697,175354,1705,0.83,0.615,0.8,62,0.715,AE,FEMA NFIP / NOAA / USGS NED / Census,4.0,4.8,28.0,0.26666666666666666,0.6858,415869,4,449.84225988190263
San Jose,CA,37.296011,-121.814552,174249,82,0.519,0.483,0.0,89,0.408,A,FEMA NFIP / NOAA / USGS NED / Census,1.0,4.2,22.0,0.06666666666666667,0.3384,292180,8,476.69514583117115
Dothan,AL,31.233698,-85.406823,174243,1248,0.712,0.692,0.0,65,0.533,A,FEMA NFIP / NOAA / USGS NED / Census,1.0,1.5,2.0,0.06666666666666667,0.4678,337264,4,245.37585640741938
Hialeah,FL,25.869941,-80.302865,173961,1740,0.941,0.896,0.0,142,0.734,AE,FEMA NFIP / NOAA / USGS NED / Census,12.0,301.5,545.0,0.8,0.7204,424604,9,44.77673220133383
Chandler,AZ,33.282765,-111.851819,172096,1762,0.257,0.0,0.0,18,0.114,X,FEMA NFIP / NOAA / USGS NED / Census,15.0,0.0,,1.0,0.2528,259107,1,437.35302482199734
Gulfport,MS,30.36742,-89.09252,171789,16,0.9,0.772,1.0,68,0.834,AE,FEMA NFIP / NOAA / USGS NED / Census,2.0,48.6,244.0,0.13333333333333333,0.773,437374,4,586.6370523299955
Johns Creek,GA,34.034097,-84.198386,171465,1303,0.578,0.563,0.0,59,0.437,A,FEMA NFIP / NOAA / USGS NED / Census,2.0,4.5,10.0,0.13333333333333333,0.392,305893,4,143.76937555765917
Deerfield Beach,FL,26.311716,-80.125378,171288,1313,0.923,0.859,0.0,142,0.716,AE,FEMA NFIP / NOAA / USGS NED / Census,12.0,301.5,545.0,0.8,0.704,412461,9,14.10779653842429
Frederick,MD,39.414322,-77.410937,171008,1595,0.623,0.372,0.0,34,0.382,A,FEMA NFIP / NOAA / USGS NED / Census,1.0,1.5,3.0,0.06666666666666667,0.3522,291466,2,323.71068965121964
Chula Vista,CA,32.62767,-117.01517,170885,2223,0.547,0.569,0.0,89,0.445,A,FEMA NFIP / NOAA / USGS NED / Census,1.0,4.2,22.0,0.06666666666666667,0.371,297681,8,201.8947988327398
Casper,WY,42.866632,-106.313081,170575,1674,0.298,0.0,0.0,18,0.13,X,FEMA NFIP / NOAA / USGS NED / Census,15.0,0.0,,1.0,0.2692,262412,6,365.34817240064075
Cambridge,MA,42.373616,-71.109734,169771,1987,0.265,0.359,0.0,31,0.233,X,FEMA NFIP / NOAA / USGS NED / Census,15.0,0.0,,1.0,0.3458,287184,2,303.62127651760994
Framingham,MA,42.27941,-71.416429,169235,1761,0.478,0.26,0.0,31,0.289,X500,FEMA NFIP / NOAA / USGS NED / Census,15.0,0.0,,1.0,0.4062,306721,2,277.21263359543724
Sunnyvale,CA,37.385797,-122.026316,168834,2562,0.301,0.447,0.0,89,0.31,X500,FEMA NFIP / NOAA / USGS NED / Census,1.0,4.2,22.0,0.06666666666666667,0.2422,250617,8,496.59933205532326
Providence,RI,41.822616,-71.422683,168154,79,0.568,0.311,0.0,26,0.337,A,FEMA NFIP / NOAA / USGS NED / Census,15.0,0.0,,1.0,0.455,321174,2,248.6706324519552
Alexandria,LA,31.31124,-92.445116,167718,863,0.962,0.658,0.0,78,0.631,AE,FEMA NFIP / NOAA / USGS NED / Census,9.0,312.1,1911.0,0.6,0.6393,382162,3,329.8533380874911
Columbia,SC,34.00071,-81.034814,166891,1478,0.764,0.593,0.0,62,0.522,AE,FEMA NFIP / NOAA / USGS NED / Census,4.0,4.8,28.0,0.26666666666666666,0.4938,331712,4,272.3716031526088
West Palm Beach,FL,26.717733,-80.064455,162816,1499,0.85,0.802,0.6,142,0.789,AE,FEMA NFIP / NOAA / USGS NED / Census,12.0,301.5,545.0,0.8,0.7805,416971,9,53.35364306981906
Oakland,CA,37.769846,-122.22569,162561,42,0.524,0.53,0.0,89,0.424,A,FEMA NFIP / NOAA / USGS NED / Census,1.0,4.2,22.0,0.06666666666666667,0.3521,277036,8,540.2578832879174
Tulsa,OK,36.153982,-95.992775,161562,722,0.602,0.0,0.0,35,0.263,A,FEMA NFIP / NOAA / USGS NED / Census,15.0,0.0,,1.0,0.3908,287838,0,580.8487906622522
Kirkland,WA,47.680963,-122.208773,160719,1739,0.368,0.15,0.0,54,0.226,X500,FEMA NFIP / NOAA / USGS NED / Census,15.0,0.0,,1.0,0.3347,268304,5,33.41927692001023
Conway,SC,33.836163,-79.04563,160677,1856,0.652,0.664,0.0,62,0.499,A,FEMA NFIP / NOAA / USGS NED / Census,4.0,4.8,28.0,0.26666666666666666,0.4668,310685,4,438.9171566195791
Round Rock,TX,30.508231,-97.678896,160641,229,0.875,0.724,0.0,158,0.666,AE,FEMA NFIP / NOAA / USGS NED / Census,7.0,219.70000000000002,330.0,0.4666666666666667,0.601,353731,3,235.8221030016769
Broken Arrow,OK,36.052091,-95.79079,160198,73,0.505,0.0,0.0,35,0.224,A,FEMA NFIP / NOAA / USGS NED / Census,15.0,0.0,,1.0,0.352,272977,0,571.0851563164447
Norman,OK,35.222567,-97.439478,160091,657,0.467,0.0,0.0,35,0.209,X500,FEMA NFIP / NOAA / USGS NED / Census,15.0,0.0,,1.0,0.3368,267928,3,636.9505491624126
Lake Charles,LA,30.218122,-93.214975,159777,237,0.924,0.764,0.0,78,0.647,AE,FEMA NFIP / NOAA / USGS NED / Census,9.0,312.1,1911.0,0.6,0.6506,367678,3,214.84868528970387
Bentonville,AR,36.355088,-94.242061,159751,209,0.683,0.0,0.0,46,0.302,A,FEMA NFIP / NOAA / USGS NED / Census,1.0,1.0,20.0,0.06666666666666667,0.2832,250233,0,437.0010478186566
Fort Myers,FL,26.620074,-81.829547,158319,1416,0.846,0.82,0.0,142,0.673,AE,FEMA NFIP / NOAA / USGS NED / Census,12.0,301.5,545.0,0.8,0.6634,368376,9,161.08543417855188
Waco,TX,31.549333,-97.146985,157971,410,0.638,0.607,0.0,158,0.536,A,FEMA NFIP / NOAA / USGS NED / Census,7.0,219.70000000000002,330.0,0.4666666666666667,0.477,308675,3,260.62971603906317
Boca Raton,FL,26.37269,-80.103711,156884,1476,0.98,0.819,0.0,142,0.726,AE,FEMA NFIP / NOAA / USGS NED / Census,12.0,301.5,545.0,0.8,0.7168,381792,9,19.210046140960547
Bloomington,IN,39.168804,-86.533738,156288,740,0.486,0.0,0.0,38,0.218,X500,FEMA NFIP / NOAA / USGS NED / Census,15.0,0.0,,1.0,0.3444,263939,0,322.8694892732405
Coral Springs,FL,26.270722,-80.259301,155787,1365,0.819,0.905,0.0,142,0.688,AE,FEMA NFIP / NOAA / USGS NED / Census,12.0,301.5,545.0,0.8,0.6738,365725,9,0.0
Kansas City,MO,39.099727,-94.578567,155423,866,0.635,0.0,0.0,45,0.282,A,FEMA NFIP / NOAA / USGS NED / Census,2.0,3.7,3.0,0.13333333333333333,0.274,240594,0,382.74107385927084
Pocatello,ID,42.871822,-112.435797,155186,1669,0.302,0.0,0.0,21,0.134,X500,FEMA NFIP / NOAA / USGS NED / Census,15.0,0.0,,1.0,0.2708,239234,6,719.086501538842
Bellevue,WA,47.610378,-122.200676,154211,2242,0.43,0.163,0.0,54,0.254,X500,FEMA NFIP / NOAA / USGS NED / Census,15.0,0.0,,1.0,0.3628,266106,5,25.642012533434585
Laramie,WY,41.311369,-105.59082,154131,972,0.269,0.0,0.0,18,0.119,X,FEMA NFIP / NOAA / USGS NED / Census,15.0,0.0,,1.0,0.2576,233539,6,182.43690184954775
Santa Ana,CA,33.736332,-117.8829,153727,2112,0.49,0.653,0.0,89,0.448,X500,FEMA NFIP / NOAA / USGS NED / Census,1.0,4.2,22.0,0.06666666666666667,0.3692,267239,8,58.01646440865359
Fort Collins,CO,40.548216,-105.064833,153691,716,0.385,0.0,0.0,28,0.172,X500,FEMA NFIP / NOAA / USGS NED / Census,2.0,7.9,18.0,0.13333333333333333,0.174,207175,6,88.82305699983354
Visalia,CA,36.32803,-119.328519,153481,1945,0.583,0.463,0.0,89,0.428,A,FEMA NFIP / NOAA / USGS NED / Census,1.0,4.2,22.0,0.06666666666666667,0.359,263680,8,269.91532678863007
Clarksville,TN,36.529853,-87.359415,153409,713,0.421,0.0,0.0,47,0.198,X500,FEMA NFIP / NOAA / USGS NED / Census,1.0,2.0,31.0,0.06666666666666667,0.1784,208145,0,342.03842997604215
Grand Rapids,MI,42.964924,-85.670021,153145,1242,0.363,0.0,0.0,40,0.17,X500,FEMA NFIP / NOAA / USGS NED / Census,15.0,0.0,,1.0,0.2952,243561,7,75.09325912003705
Ames,IA,42.034534,-93.620369,152974,679,0.394,0.0,0.0,44,0.185,X500,FEMA NFIP / NOAA / USGS NED / Census,1.0,2.0,3.0,0.06666666666666667,0.1676,204250,0,477.03907026713716
Oceanside,CA,33.224601,-117.306291,152946,2097,0.465,0.579,0.0,89,0.415,X500,FEMA NFIP / NOAA / USGS NED / Census,1.0,4.2,22.0,0.06666666666666667,0.3408,257193,8,135.16500293290497
Waterbury,CT,41.5585,-73.036685,152795,2097,0.696,0.383,0.0,32,0.413,A,FEMA NFIP / NOAA / USGS NED / Census,1.0,2.0,5.0,0.06666666666666667,0.3842,270202,2,124.22753462600602
Dayton,OH,39.759447,-84.191604,152215,1252,0.592,0.0,0.0,57,0.272,A,FEMA NFIP / NOAA / USGS NED / Census,15.0,0.0,,1.0,0.3868,269968,7,304.99726553214566
Harrisburg,PA,40.273502,-76.884979,151520,1986,0.543,0.0,0.0,56,0.252,A,FEMA NFIP / NOAA / USGS NED / Census,1.0,1.8,13.0,0.06666666666666667,0.2272,220370,2,248.29340301213577
Shreveport,LA,32.466302,-93.793648,151195,486,0.98,0.669,0.0,78,0.641,AE,FEMA NFIP / NOAA / USGS NED / Census,9.0,312.1,1911.0,0.6,0.6492,347506,3,336.5358438054161
Arlington,TX,32.735687,-97.108066,150494,133,0.944,0.62,0.0,158,0.662,AE,FEMA NFIP / NOAA / USGS NED / Census,7.0,219.70000000000002,330.0,0.4666666666666667,0.6026,331869,3,368.9924930767751
Clifton,NJ,40.858447,-74.163635,149616,2148,0.804,0.391,0.0,51,0.471,AE,FEMA NFIP / NOAA / USGS NED / Census,2.0,41.8,67.0,0.13333333333333333,0.4394,281098,2,20.941956182398474
West Covina,CA,34.055941,-117.909937,148116,2035,0.492,0.513,0.0,89,0.406,X500,FEMA NFIP / NOAA / USGS NED / Census,1.0,4.2,22.0,0.06666666666666667,0.335,247353,8,46.33227833894195
Lewiston,ME,44.10029,-70.21495,147945,2232,0.319,0.269,0.0,24,0.223,X500,FEMA NFIP / NOAA / USGS NED / Census,15.0,0.0,,1.0,0.3448,249967,2,488.5183498779593
Fishers,IN,39.956715,-86.013984,147829,793,0.308,0.0,0.0,38,0.147,X500,FEMA NFIP / NOAA / USGS NED / Census,15.0,0.0,,1.0,0.2732,228602,7,262.1574456463192
Morgantown,WV,39.629526,-79.955927,147539,1349,0.53,0.0,0.0,30,0.231,A,FEMA NFIP / NOAA / USGS NED / Census,15.0,0.0,,1.0,0.362,254357,2,519.5823496201921
Racine,WI,42.726232,-87.782815,146774,776,0.224,0.0,0.0,41,0.115,X,FEMA NFIP / NOAA / USGS NED / Census,15.0,0.0,,1.0,0.2396,217108,7,186.3179538505252
Plano,TX,33.019843,-96.698885,146546,598,0.901,0.636,0.0,158,0.65,AE,FEMA NFIP / NOAA / USGS NED / Census,7.0,219.70000000000002,330.0,0.4666666666666667,0.5894,319294,3,383.08832398716845
Blue Springs,MO,39.017052,-94.281828,146443,272,0.662,0.0,0.0,45,0.293,A,FEMA NFIP / NOAA / USGS NED / Census,2.0,3.7,3.0,0.13333333333333333,0.2848,229856,0,356.285525971881
Orem,UT,40.296855,-111.69445,145673,1571,0.33,0.0,0.0,15,0.142,X500,FEMA NFIP / NOAA / USGS NED / Census,15.0,0.0,,1.0,0.282,227832,1,555.4330536936944
Peoria,AZ,33.786186,-112.308042,145259,1896,0.217,0.0,0.0,18,0.098,X,FEMA NFIP / NOAA / USGS NED / Census,15.0,0.0,,1.0,0.2368,214053,1,367.66826585747646
Concord,CA,37.972186,-122.001606,144476,2078,0.411,0.45,0.0,89,0.355,X500,FEMA NFIP / NOAA / USGS NED / Census,1.0,4.2,22.0,0.06666666666666667,0.2869,227376,8,545.3643928160672
Arvada,CO,39.833728,-105.150306,143008,990,0.258,0.0,0.0,28,0.121,X,FEMA NFIP / NOAA / USGS NED / Census,2.0,7.9,18.0,0.13333333333333333,0.1232,178245,6,24.347569344981267
Kingman,AZ,35.216992,-114.010529,142787,1708,0.142,0.0,0.0,18,0.068,X,FEMA NFIP / NOAA / USGS NED / Census,15.0,0.0,,1.0,0.2068,201843,1,144.8689010647722
Boston,MA,42.358894,-71.056742,142374,43,0.555,0.309,0.4,31,0.414,A,FEMA NFIP / NOAA / USGS NED / Census,15.0,0.0,,1.0,0.5292,293062,2,306.1739636706124
Richmond,VA,37.54129,-77.434769,141878,167,0.724,0.475,0.0,71,0.476,A,FEMA NFIP / NOAA / USGS NED / Census,1.0,3.0,11.0,0.06666666666666667,0.4184,260601,2,460.17868172929076
Aurora,CO,39.688002,-104.68974,141680,1430,0.521,0.0,0.0,28,0.226,A,FEMA NFIP / NOAA / USGS NED / Census,2.0,7.9,18.0,0.13333333333333333,0.2284,206399,6,18.31050995252322
Santa Fe,NM,35.686975,-105.937799,141659,7000,0.295,0.0,0.0,22,0.132,X,FEMA NFIP / NOAA / USGS NED / Census,15.0,0.0,,1.0,0.268,217588,6,462.52741456752307
Oxnard,CA,34.199436,-119.207515,141412,2007,0.361,0.617,0.0,89,0.385,X500,FEMA NFIP / NOAA / USGS NED / Census,1.0,4.2,22.0,0.06666666666666667,0.3086,228691,8,76.03075044214845
Springfield,MO,37.215337,-93.292831,140600,476,0.614,0.0,0.0,45,0.274,A,FEMA NFIP / NOAA / USGS NED / Census,2.0,3.7,3.0,0.13333333333333333,0.2656,215286,0,313.45016484032845
Portsmouth,VA,36.835523,-76.29818,140517,2020,0.7,0.549,0.0,71,0.489,A,FEMA NFIP / NOAA / USGS NED / Census,1.0,3.0,11.0,0.06666666666666667,0.4272,260574,2,474.672064920012
St. Joseph,MO,39.768742,-94.846851,139613,183,0.468,0.0,0.0,45,0.215,X500,FEMA NFIP / NOAA / USGS NED / Census,2.0,3.7,3.0,0.13333333333333333,0.2072,197468,0,420.06282750034967
Saint Cloud,MN,45.56011,-94.162296,139599,229,0.485,0.0,0.0,43,0.221,X500,FEMA NFIP / NOAA / USGS NED / Census,15.0,0.0,,1.0,0.344,235643,7,776.3633149904326
Pueblo,CO,38.269239,-104.610799,139588,989,0.392,0.0,0.0,28,0.174,X500,FEMA NFIP / NOAA / USGS NED / Census,2.0,7.9,18.0,0.13333333333333333,0.1768,188946,6,167.60543017139523
Duluth,MN,46.786671,-92.100485,139563,306,0.566,0.0,0.0,43,0.253,A,FEMA NFIP / NOAA / USGS NED / Census,15.0,0.0,,1.0,0.3764,244626,7,718.0168297385915
North Las Vegas,NV,36.198859,-115.117497,139431,1970,0.284,0.0,0.0,16,0.124,X,FEMA NFIP / NOAA / USGS NED / Census,15.0,0.0,,1.0,0.2636,212939,1,10.59938806217222
Schenectady,NY,42.814258,-73.939445,139186,1855,0.552,0.349,0.0,87,0.38,A,FEMA NFIP / NOAA / USGS NED / Census,2.0,72.0,61.0,0.13333333333333333,0.3281,230519,2,233.73925274106494
Hot Springs,AR,34.489442,-93.050254,139045,290,0.55,0.0,0.0,46,0.249,A,FEMA NFIP / NOAA / USGS NED / Census,1.0,1.0,20.0,0.06666666666666667,0.23,203005,0,525.7635480845522
Beaumont,TX,30.086032,-94.101605,138920,23,0.93,0.652,0.8,158,0.826,AE,FEMA NFIP / NOAA / USGS NED / Census,7.0,219.70000000000002,330.0,0.4666666666666667,0.765,351467,3,128.61873635968195
Erie,PA,42.129224,-80.08506,138397,690,0.496,0.0,0.0,56,0.234,X500,FEMA NFIP / NOAA / USGS NED / Census,1.0,1.8,13.0,0.06666666666666667,0.2084,196080,7,453.4415526793374
Denton,TX,33.214841,-97.133095,138204,554,0.851,0.67,0.0,158,0.64,AE,FEMA NFIP / NOAA / USGS NED / Census,7.0,219.70000000000002,330.0,0.4666666666666667,0.5779,297940,3,418.16244216344836
Grand Prairie,TX,32.745949,-97.020695,137163,327,0.85,0.609,0.0,158,0.622,AE,FEMA NFIP / NOAA / USGS NED / Census,7.0,219.70000000000002,330.0,0.4666666666666667,0.5622,291389,3,366.40798022138017
Somerville,MA,42.387779,-71.09958,137127,2242,0.586,0.368,0.0,31,0.364,A,FEMA NFIP / NOAA / USGS NED / Census,15.0,0.0,,1.0,0.4764,267781,2,305.2292765335934
Davenport,IA,41.524945,-90.577516,136740,455,0.474,0.0,0.0,44,0.217,X500,FEMA NFIP / NOAA / USGS NED / Census,1.0,2.0,3.0,0.06666666666666667,0.1996,191326,0,323.8374191974449
Kennewick,WA,46.211146,-119.137002,136269,1768,0.521,0.179,0.0,54,0.296,A,FEMA NFIP / NOAA / USGS NED / Census,15.0,0.0,,1.0,0.4032,246156,5,269.2847281638992
Bakersfield,CA,35.353593,-119.036921,135981,1894,0.509,0.495,0.0,89,0.408,A,FEMA NFIP / NOAA / USGS NED / Census,1.0,4.2,22.0,0.06666666666666667,0.3374,227740,8,159.0165913762701
Bellevue,NE,41.137693,-95.944693,133691,5,0.309,0.0,0.0,36,0.146,X500,FEMA NFIP / NOAA / USGS NED / Census,1.0,1.3,4.0,0.06666666666666667,0.1336,169413,0,563.9684592077366
Elizabeth,NJ,40.663736,-74.213079,133560,1801,0.723,0.37,0.0,51,0.432,A,FEMA NFIP / NOAA / USGS NED / Census,2.0,41.8,67.0,0.13333333333333333,0.4017,240862,2,18.29378223819292
Biloxi,MS,30.396032,-88.885307,133559,10,0.92,0.693,1.0,68,0.818,AE,FEMA NFIP / NOAA / USGS NED / Census,2.0,48.6,244.0,0.13333333333333333,0.7612,336889,4,567.7826181538555
Topeka,KS,39.049011,-95.677556,133122,14,0.35,0.0,0.0,37,0.163,X500,FEMA NFIP / NOAA / USGS NED / Census,15.0,0.0,,1.0,0.29,210332,0,476.7157850977788
Greensboro,NC,36.072636,-79.791975,132711,1748,0.796,0.517,0.0,74,0.52,AE,FEMA NFIP / NOAA / USGS NED / Census,4.0,68.1,166.0,0.26666666666666666,0.4876,262130,4,502.41435882791956
South Bend,IN,41.676388,-86.252583,132180,546,0.531,0.0,0.0,38,0.236,A,FEMA NFIP / NOAA / USGS NED / Census,15.0,0.0,,1.0,0.3624,227984,7,87.8362960255602
Odessa,TX,31.845683,-102.367593,131571,2890,0.857,0.603,0.0,158,0.622,AE,FEMA NFIP / NOAA / USGS NED / Census,7.0,219.70000000000002,330.0,0.4666666666666667,0.5636,279877,3,705.966307874962
North Charleston,SC,32.854264,-79.974175,131537,1820,0.724,0.556,0.0,62,0.495,A,FEMA NFIP / NOAA / USGS NED / Census,4.0,4.8,28.0,0.26666666666666666,0.4686,254813,4,340.25674396966764
Lawrence,KS,38.971669,-95.235251,130910,43,0.419,0.0,0.0,37,0.191,X500,FEMA NFIP / NOAA / USGS NED / Census,15.0,0.0,,1.0,0.3176,214064,0,438.02556643573763
Bend,OR,44.058173,-121.315412,130818,1787,0.56,0.299,0.0,52,0.346,A,FEMA NFIP / NOAA / USGS NED / Census,15.0,0.0,,1.0,0.4488,248240,5,376.29752471080235
Irving,TX,32.813892,-96.948895,128714,409,0.926,0.615,0.0,158,0.653,AE,FEMA NFIP / NOAA / USGS NED / Census,7.0,219.70000000000002,330.0,0.4666666666666667,0.5942,281677,3,370.4460757881091
Brockton,MA,42.083433,-71.018336,128623,2202,0.526,0.332,0.0,31,0.33,A,FEMA NFIP / NOAA / USGS NED / Census,15.0,0.0,,1.0,0.4434,242685,2,292.08622004677807
Nashua,NH,42.76123,-71.467566,127129,2074,0.38,0.237,0.0,25,0.239,X500,FEMA NFIP / NOAA / USGS NED / Census,15.0,0.0,,1.0,0.3612,218966,2,310.20259754959744
Springfield,IL,39.800386,-89.643928,126090,754,0.502,0.0,0.0,49,0.232,A,FEMA NFIP / NOAA / USGS NED / Census,15.0,0.0,,1.0,0.3508,214554,0,138.97286552750856
Lafayette,LA,30.241443,-92.019843,126077,550,0.937,0.653,0.0,78,0.619,AE,FEMA NFIP / NOAA / USGS NED / Census,9.0,312.1,1911.0,0.6,0.628,284429,3,328.1941943253913
Utica,NY,43.100904,-75.232664,125932,2041,0.717,0.337,0.0,87,0.442,A,FEMA NFIP / NOAA / USGS NED / Census,2.0,72.0,61.0,0.13333333333333333,0.391,224410,2,284.2806864092066
Butte,MT,46.003052,-112.53537,124859,1999,0.357,0.0,0.0,22,0.156,X500,FEMA NFIP / NOAA / USGS NED / Census,15.0,0.0,,1.0,0.2928,197976,5,754.9506687393042
Fall River,MA,41.701329,-71.155017,124055,2119,0.54,0.292,0.0,31,0.323,A,FEMA NFIP / NOAA / USGS NED / Census,15.0,0.0,,1.0,0.439,232975,2,262.5924556900584
Garland,TX,32.912831,-96.638703,123770,298,0.874,0.655,0.0,158,0.645,AE,FEMA NFIP / NOAA / USGS NED / Census,7.0,219.70000000000002,330.0,0.4666666666666667,0.5833,268160,3,370.00331736377444
Rockford,IL,42.268116,-89.094118,123479,893,0.618,0.0,0.0,49,0.278,A,FEMA NFIP / NOAA / USGS NED / Census,15.0,0.0,,1.0,0.3972,221570,7,288.49951354773816
Barre,VT,44.197037,-72.501678,122982,1881,0.455,0.0,0.0,23,0.196,X500,FEMA NFIP / NOAA / USGS NED / Census,1.0,0.3,0.0,0.06666666666666667,0.192,170207,2,406.5927183950678
Pembroke Pines,FL,26.014716,-80.340171,121726,1352,0.98,0.836,0.0,142,0.731,AE,FEMA NFIP / NOAA / USGS NED / Census,12.0,301.5,545.0,0.8,0.721,297254,9,29.589004028099097
Pawtucket,RI,41.878712,-71.382494,121635,2123,0.692,0.313,0.0,26,0.387,A,FEMA NFIP / NOAA / USGS NED / Census,15.0,0.0,,1.0,0.505,244486,2,254.62726965321613
Centennial,CO,39.590568,-104.869118,121180,1306,0.281,0.0,0.0,28,0.13,X,FEMA NFIP / NOAA / USGS NED / Census,2.0,7.9,18.0,0.13333333333333333,0.1324,153268,6,19.073298494918017
Lakewood,CO,39.698939,-105.117573,119449,1090,0.296,0.0,0.0,28,0.136,X,FEMA NFIP / NOAA / USGS NED / Census,2.0,7.9,18.0,0.13333333333333333,0.1384,152512,6,21.39749159358282
Pearland,TX,29.56356,-95.28602,118388,373,0.95,0.736,0.0,158,0.699,AE,FEMA NFIP / NOAA / USGS NED / Census,7.0,219.70000000000002,330.0,0.4666666666666667,0.634,268503,3,24.054702001227014
Las Cruces,NM,32.312133,-106.778427,118344,1203,0.213,0.0,0.0,22,0.099,X,FEMA NFIP / NOAA / USGS NED / Census,15.0,0.0,,1.0,0.2352,174013,6,845.6922630161441
York,PA,39.962854,-76.72798,117649,2270,0.673,0.0,0.0,56,0.304,A,FEMA NFIP / NOAA / USGS NED / Census,1.0,1.8,13.0,0.06666666666666667,0.2792,183344,2,245.30391028917566
Olathe,KS,38.881197,-94.819497,117506,272,0.271,0.0,0.0,37,0.131,X,FEMA NFIP / NOAA / USGS NED / Census,15.0,0.0,,1.0,0.2584,178233,0,401.58035976495097
Idaho Falls,ID,43.491745,-112.033993,117067,1777,0.244,0.0,0.0,21,0.111,X,FEMA NFIP / NOAA / USGS NED / Census,15.0,0.0,,1.0,0.2476,175038,6,724.4657879952206
Bayou La Batre,AL,30.407586,-88.263271,116803,664,0.659,0.718,0.0,65,0.52,A,FEMA NFIP / NOAA / USGS NED / Census,1.0,1.5,2.0,0.06666666666666667,0.4531,222649,4,516.131435373132
Stockton,CA,37.976342,-121.313304,116690,23,0.75,0.513,0.0,89,0.51,A,FEMA NFIP / NOAA / USGS NED / Census,1.0,4.2,22.0,0.06666666666666667,0.4382,218957,8,511.56308336633487
Wilmington,NC,34.225727,-77.94471,115455,1926,0.83,0.579,0.6,74,0.672,AE,FEMA NFIP / NOAA / USGS NED / Census,4.0,68.1,166.0,0.26666666666666666,0.6368,262498,4,547.8831702721303
New Bedford,MA,41.636609,-70.93406,115155,2157,0.53,0.41,0.0,31,0.354,A,FEMA NFIP / NOAA / USGS NED / Census,15.0,0.0,,1.0,0.4645,222133,2,276.8512220339438
Buffalo,NY,42.886448,-78.878369,113852,1535,0.625,0.342,0.0,87,0.407,A,FEMA NFIP / NOAA / USGS NED / Census,2.0,72.0,61.0,0.13333333333333333,0.3555,194800,2,470.5708914744351
Bowie,MD,38.942379,-76.729736,112823,1962,0.886,0.364,0.0,34,0.485,AE,FEMA NFIP / NOAA / USGS NED / Census,1.0,1.5,3.0,0.06666666666666667,0.4554,215582,2,304.69124385397686
Fredericksburg,VA,38.30315,-77.46067,111929,1350,0.702,0.455,0.0,71,0.462,A,FEMA NFIP / NOAA / USGS NED / Census,1.0,3.0,11.0,0.06666666666666667,0.4046,202501,2,399.4780793157489
Norwalk,CT,41.092739,-73.419796,110566,1860,0.573,0.425,0.0,32,0.376,A,FEMA NFIP / NOAA / USGS NED / Census,1.0,2.0,5.0,0.06666666666666667,0.3454,186944,2,64.90000715970834
Paterson,NJ,40.916504,-74.171811,110504,2409,0.924,0.304,0.0,51,0.493,AE,FEMA NFIP / NOAA / USGS NED / Census,2.0,41.8,67.0,0.13333333333333333,0.4656,213405,2,26.607397157228178
Janesville,WI,42.682728,-89.018692,109353,904,0.3,0.0,0.0,41,0.146,X500,FEMA NFIP / NOAA / USGS NED / Census,15.0,0.0,,1.0,0.27,168403,7,284.67935285638407
Hillsboro,OR,45.522894,-122.98982,109321,2003,0.526,0.195,0.0,52,0.301,A,FEMA NFIP / NOAA / USGS NED / Census,15.0,0.0,,1.0,0.4092,198789,5,214.54455979106535
Cedar Rapids,IA,42.008582,-91.644981,108596,534,0.481,0.0,0.0,44,0.22,X500,FEMA NFIP / NOAA / USGS NED / Census,1.0,2.0,3.0,0.06666666666666667,0.2024,152555,0,395.46636165322593
St. Louis,MO,38.627003,-90.199402,108053,463,0.688,0.0,0.0,45,0.303,A,FEMA NFIP / NOAA / USGS NED / Census,2.0,3.7,3.0,0.13333333333333333,0.2952,171847,0,0.0
Lewisville,TX,33.046233,-96.994172,107993,446,0.712,0.551,0.0,158,0.549,A,FEMA NFIP / NOAA / USGS NED / Census,7.0,219.70000000000002,330.0,0.4666666666666667,0.4926,214387,3,395.8108955593902
Akron,OH,41.081445,-81.519005,107660,1474,0.665,0.0,0.0,57,0.302,A,FEMA NFIP / NOAA / USGS NED / Census,15.0,0.0,,1.0,0.416,197233,7,363.61893186905576
Philadelphia,PA,39.952724,-75.163452,107056,52,0.72,0.0,0.4,56,0.403,A,FEMA NFIP / NOAA / USGS NED / Census,1.0,1.8,13.0,0.06666666666666667,0.378,187990,2,129.4913657408125
Kenosha,WI,42.584934,-87.82124,107022,952,0.271,0.0,0.0,41,0.134,X,FEMA NFIP / NOAA / USGS NED / Census,15.0,0.0,,1.0,0.2584,162330,7,186.18473280305128
Corona,CA,33.861969,-117.565495,106958,2311,0.454,0.628,0.0,89,0.426,X500,FEMA NFIP / NOAA / USGS NED / Census,1.0,4.2,22.0,0.06666666666666667,0.3486,181529,8,79.9212243282092
Inglewood,CA,33.956068,-118.344274,106573,1701,0.346,0.606,0.0,89,0.376,X500,FEMA NFIP / NOAA / USGS NED / Census,1.0,4.2,22.0,0.06666666666666667,0.2999,170495,8,9.339812207222716
Portland,ME,43.662374,-70.269078,106264,174,0.336,0.321,0.0,24,0.246,X500,FEMA NFIP / NOAA / USGS NED / Census,15.0,0.0,,1.0,0.3647,183772,2,449.749985139936
Kalamazoo,MI,42.292346,-85.587242,106133,1271,0.27,0.0,0.0,40,0.133,X,FEMA NFIP / NOAA / USGS NED / Census,15.0,0.0,,1.0,0.258,160897,7,0.0
Pasadena,CA,34.160602,-118.137954,105609,2017,0.498,0.513,0.0,89,0.408,X500,FEMA NFIP / NOAA / USGS NED / Census,1.0,4.2,22.0,0.06666666666666667,0.3375,176895,8,29.630209542640934
Clearwater,FL,27.980289,-82.768166,105284,1313,0.926,0.729,0.0,142,0.678,AE,FEMA NFIP / NOAA / USGS NED / Census,12.0,301.5,545.0,0.8,0.6727,246933,9,312.6871886186012
Bossier City,LA,32.515833,-93.732003,105176,545,0.879,0.7,0.0,78,0.61,AE,FEMA NFIP / NOAA / USGS NED / Census,9.0,312.1,1911.0,0.6,0.6166,234879,3,344.08487105452326
Savannah,GA,32.092833,-81.196381,105123,10,0.85,0.642,0.8,59,0.729,AE,FEMA NFIP / NOAA / USGS NED / Census,2.0,4.5,10.0,0.13333333333333333,0.6805,248195,4,241.6084011873446
Hartford,CT,41.765933,-72.681579,104098,56,0.532,0.277,0.0,32,0.316,A,FEMA NFIP / NOAA / USGS NED / Census,1.0,2.0,5.0,0.06666666666666667,0.2921,164912,2,161.16879897022582
Plymouth,MN,45.010536,-93.455933,103276,5,0.386,0.0,0.0,43,0.181,X500,FEMA NFIP / NOAA / USGS NED / Census,15.0,0.0,,1.0,0.3044,166150,7,701.1147157746269
White Plains,NY,41.03409,-73.76268,102307,2001,0.548,0.43,0.0,87,0.402,A,FEMA NFIP / NOAA / USGS NED / Census,2.0,72.0,61.0,0.13333333333333333,0.3467,173246,2,41.17017794051823
Eureka,CA,40.793401,-124.155246,101991,2168,0.524,0.415,0.0,89,0.39,A,FEMA NFIP / NOAA / USGS NED / Census,1.0,4.2,22.0,0.06666666666666667,0.3234,167958,5,748.3195656849769
Westland,MI,42.324213,-83.400223,101693,1019,0.401,0.0,0.0,40,0.186,X500,FEMA NFIP / NOAA / USGS NED / Census,15.0,0.0,,1.0,0.3104,164824,7,179.87379442285612
Costa Mesa,CA,33.665905,-117.912336,101293,2188,0.512,0.594,0.0,89,0.439,A,FEMA NFIP / NOAA / USGS NED / Census,1.0,4.2,22.0,0.06666666666666667,0.3633,174892,8,60.53476412974208
Springdale,AR,36.192698,-94.156271,101005,437,0.619,0.0,0.0,46,0.276,A,FEMA NFIP / NOAA / USGS NED / Census,1.0,1.0,20.0,0.06666666666666667,0.2576,153042,0,441.9719153728405
Rapid City,SD,44.080543,-103.231017,100138,1024,0.466,0.0,0.0,32,0.206,X500,FEMA NFIP / NOAA / USGS NED / Census,15.0,0.0,,1.0,0.3364,167510,6,499.21501257535766
Modesto,CA,37.637533,-121.003049,100108,2246,0.374,0.431,0.0,89,0.334,X500,FEMA NFIP / NOAA / USGS NED / Census,1.0,4.2,22.0,0.06666666666666667,0.2674,153645,8,465.2158881961743
Palm Coast,FL,29.536837,-81.242627,99922,1711,0.885,0.738,0.0,142,0.664,AE,FEMA NFIP / NOAA / USGS NED / Census,12.0,301.5,545.0,0.8,0.6585,231519,9,375.80408470732635
Santa Clarita,CA,34.414083,-118.494729,99377,2360,0.343,0.599,0.0,89,0.372,X500,FEMA NFIP / NOAA / USGS NED / Census,1.0,4.2,22.0,0.06666666666666667,0.297,158406,8,44.56034066143508
Mesquite,TX,32.765811,-96.599098,98368,5,0.855,0.696,0.0,158,0.65,AE,FEMA NFIP / NOAA / USGS NED / Census,7.0,219.70000000000002,330.0,0.4666666666666667,0.586,213655,3,353.35021027751776
Glendale,CA,34.181393,-118.24583,97333,2275,0.431,0.601,0.0,89,0.408,X500,FEMA NFIP / NOAA / USGS NED / Census,1.0,4.2,22.0,0.06666666666666667,0.3326,162078,8,23.564427729892746
Knoxville,TN,35.960638,-83.920739,97055,1341,0.59,0.0,0.0,47,0.266,A,FEMA NFIP / NOAA / USGS NED / Census,1.0,2.0,31.0,0.06666666666666667,0.246,144806,4,348.5871762243352
Daytona Beach,FL,29.19071,-81.097083,96540,1534,0.841,0.746,0.0,142,0.649,AE,FEMA NFIP / NOAA / USGS NED / Census,12.0,301.5,545.0,0.8,0.6429,220671,9,334.99062545163275
McKinney,TX,33.19744,-96.615302,95379,223,0.864,0.553,0.0,158,0.61,AE,FEMA NFIP / NOAA / USGS NED / Census,7.0,219.70000000000002,330.0,0.4666666666666667,0.5538,201020,3,399.3824077992535
Great Falls,MT,47.500254,-111.300587,94547,1793,0.298,0.0,0.0,22,0.133,X,FEMA NFIP / NOAA / USGS NED / Census,15.0,0.0,,1.0,0.2692,145451,5,821.7626279195188
Boise City,ID,43.613739,-116.202311,94247,2049,0.33,0.0,0.0,21,0.145,X500,FEMA NFIP / NOAA / USGS NED / Census,15.0,0.0,,1.0,0.282,147402,5,629.3743031400908
Rancho Cucamonga,CA,34.130306,-117.566067,93525,2075,0.509,0.653,0.0,89,0.455,A,FEMA NFIP / NOAA / USGS NED / Census,1.0,4.2,22.0,0.06666666666666667,0.3768,164005,8,78.77626399079884
Columbus,GA,32.516523,-84.854703,93088,833,0.727,0.702,0.0,59,0.538,A,FEMA NFIP / NOAA / USGS NED / Census,2.0,4.5,10.0,0.13333333333333333,0.4863,183625,4,121.2024359919252
Hammond,IN,41.583451,-87.500069,92929,978,0.48,0.0,0.0,38,0.216,X500,FEMA NFIP / NOAA / USGS NED / Census,15.0,0.0,,1.0,0.342,156492,7,176.7610077251237
Port St. Lucie,FL,27.280554,-80.388261,92918,1665,0.98,0.871,0.0,142,0.742,AE,FEMA NFIP / NOAA / USGS NED / Census,12.0,301.5,545.0,0.8,0.7298,228541,9,113.01560310290732
Hilo,HI,19.720717,-155.084545,91818,43,0.554,0.637,0.4,29,0.511,A,FEMA NFIP / NOAA / USGS NED / Census,15.0,0.0,,1.0,0.6108,203982,8,3942.391019001156
Adamsville,AL,33.602315,-86.971527,91090,808,0.693,0.552,0.0,65,0.484,A,FEMA NFIP / NOAA / USGS NED / Census,1.0,1.5,2.0,0.06666666666666667,0.4252,168552,4,323.50524606927615
Mount Pleasant,SC,32.835303,-79.828307,90896,1526,0.74,0.689,0.0,62,0.541,A,FEMA NFIP / NOAA / USGS NED / Census,4.0,4.8,28.0,0.26666666666666666,0.5082,183282,4,353.91313762934925
Stamford,CT,41.079611,-73.54608,89954,2164,0.59,0.428,0.0,32,0.384,A,FEMA NFIP / NOAA / USGS NED / Census,1.0,2.0,5.0,0.06666666666666667,0.353,153461,2,56.1963183713213
Southaven,MS,34.98857,-89.99328,88890,830,0.794,0.496,0.0,68,0.509,AE,FEMA NFIP / NOAA / USGS NED / Census,2.0,48.6,244.0,0.13333333333333333,0.4616,170953,0,404.99087577001245
New Britain,CT,41.676555,-72.786161,88102,1964,0.745,0.412,0.0,32,0.442,A,FEMA NFIP / NOAA / USGS NED / Census,1.0,2.0,5.0,0.06666666666666667,0.411,160521,2,147.9893300188468
St. Charles,MO,38.784484,-90.481784,87265,557,0.755,0.0,0.0,45,0.33,AE,FEMA NFIP / NOAA / USGS NED / Census,2.0,3.7,3.0,0.13333333333333333,0.322,143463,0,30.117092032602887
Jacksonville,AL,33.810066,-85.755217,87065,19,0.82,0.652,0.6,65,0.684,AE,FEMA NFIP / NOAA / USGS NED / Census,1.0,1.5,2.0,0.06666666666666667,0.621,195199,4,226.31674139724242
Sioux Falls,SD,43.549975,-96.700327,86487,670,0.48,0.0,0.0,32,0.212,X500,FEMA NFIP / NOAA / USGS NED / Census,15.0,0.0,,1.0,0.342,145644,0,771.8503601565783
South Portland,ME,43.641437,-70.241631,86368,2261,0.365,0.34,0.0,24,0.263,X500,FEMA NFIP / NOAA / USGS NED / Census,15.0,0.0,,1.0,0.381,152180,2,449.6468683499757
O'Fallon,MO,38.811167,-90.699783,86062,458,0.582,0.0,0.0,45,0.261,A,FEMA NFIP / NOAA / USGS NED / Census,2.0,3.7,3.0,0.13333333333333333,0.2528,129574,0,47.99890582071796
Charleston,SC,32.776475,-79.931053,84707,16,0.87,0.592,0.8,62,0.724,AE,FEMA NFIP / NOAA / USGS NED / Census,4.0,4.8,28.0,0.26666666666666666,0.696,202619,4,344.4922761380352
Beaumont,TX,30.086032,-94.101605,83893,23,0.93,0.724,0.8,158,0.848,AE,FEMA NFIP / NOAA / USGS NED / Census,7.0,219.70000000000002,330.0,0.4666666666666667,0.783,215269,3,128.61873635968195
Derry,NH,42.880696,-71.326866,82750,2119,0.3,0.317,0.0,25,0.231,X500,FEMA NFIP / NOAA / USGS NED / Census,15.0,0.0,,1.0,0.3492,140542,2,327.73643976676
Irvine,CA,33.678399,-117.771254,82711,2230,0.538,0.609,0.0,89,0.454,A,FEMA NFIP / NOAA / USGS NED / Census,1.0,4.2,22.0,0.06666666666666667,0.3775,145157,8,70.1864648042231
Florence,SC,34.19513,-79.763626,82556,1477,0.79,0.534,0.0,62,0.515,AE,FEMA NFIP / NOAA / USGS NED / Census,4.0,4.8,28.0,0.26666666666666666,0.4895,163378,4,387.8218060387923
Fort Wayne,IN,41.130207,-85.128784,82254,911,0.673,0.0,0.0,38,0.293,A,FEMA NFIP / NOAA / USGS NED / Census,15.0,0.0,,1.0,0.4192,151215,7,134.71039011855117
Bowling Green,KY,36.988979,-86.444378,82154,1257,0.552,0.0,0.0,48,0.251,A,FEMA NFIP / NOAA / USGS NED / Census,1.0,1.8,43.0,0.06666666666666667,0.2308,120076,0,376.7809075848469
Sugar Land,TX,29.619845,-95.634502,81910,371,0.778,0.743,0.0,158,0.633,AE,FEMA NFIP / NOAA / USGS NED / Census,7.0,219.70000000000002,330.0,0.4666666666666667,0.5669,174779,3,29.026086769160163
Metairie,LA,29.994278,-90.177776,81315,226,0.98,0.709,0.0,78,0.654,AE,FEMA NFIP / NOAA / USGS NED / Census,9.0,312.1,1911.0,0.6,0.6592,188520,3,502.4852931120326
Appleton,WI,44.26194,-88.415521,81174,1298,0.45,0.0,0.0,41,0.206,X500,FEMA NFIP / NOAA / USGS NED / Census,15.0,0.0,,1.0,0.33,134748,7,316.8047628036751
Newark,NJ,40.735657,-74.172367,80448,2025,0.686,0.41,0.0,51,0.429,A,FEMA NFIP / NOAA / USGS NED / Census,2.0,41.8,67.0,0.13333333333333333,0.3969,144307,2,14.250897151330795
Fargo,ND,46.877186,-96.789803,80087,364,0.555,0.0,0.0,33,0.243,A,FEMA NFIP / NOAA / USGS NED / Census,1.0,1.5,0.0,0.06666666666666667,0.232,117247,7,1021.8195275030201
Rochester,NY,43.154797,-77.615558,79257,1882,0.745,0.278,0.0,87,0.436,A,FEMA NFIP / NOAA / USGS NED / Census,2.0,72.0,61.0,0.13333333333333333,0.3875,140681,2,403.5187695362964
Johnson City,TN,36.317734,-82.353207,79165,1557,0.541,0.0,0.0,47,0.246,A,FEMA NFIP / NOAA / USGS NED / Census,1.0,2.0,31.0,0.06666666666666667,0.2264,115010,4,404.07062055101125
Cary,NC,35.79154,-78.781118,78760,1863,0.606,0.538,0.0,74,0.45,A,FEMA NFIP / NOAA / USGS NED / Census,4.0,68.1,166.0,0.26666666666666666,0.4169,144430,4,552.3618062966079
Essex Junction,VT,44.49023,-73.114399,78619,2362,0.383,0.0,0.0,23,0.168,X500,FEMA NFIP / NOAA / USGS NED / Census,1.0,0.3,0.0,0.06666666666666667,0.1632,104280,2,426.3175352725663
Houston coastal,TX,29.7,-95.01,78008,5,0.98,0.774,0.0,158,0.723,AE,FEMA NFIP / NOAA / USGS NED / Census,7.0,219.70000000000002,330.0,0.4666666666666667,0.6555,180276,3,36.691860199824234
Livonia,MI,42.368425,-83.352623,77856,996,0.425,0.0,0.0,40,0.195,X500,FEMA NFIP / NOAA / USGS NED / Census,15.0,0.0,,1.0,0.32,127683,7,183.8829315426232
Beaverton,OR,45.487078,-122.804012,75963,2105,0.526,0.226,0.0,52,0.311,A,FEMA NFIP / NOAA / USGS NED / Census,15.0,0.0,,1.0,0.4169,139300,5,215.05500068897658
Shawnee,KS,39.022234,-94.717102,75053,339,0.435,0.0,0.0,37,0.197,X500,FEMA NFIP / NOAA / USGS NED / Census,15.0,0.0,,1.0,0.324,123687,0,393.779419796713
Vancouver,WA,45.638728,-122.660985,74226,2207,0.348,0.191,0.0,54,0.23,X500,FEMA NFIP / NOAA / USGS NED / Census,15.0,0.0,,1.0,0.3369,124239,5,196.44913206172126
Lakeland,FL,28.055496,-81.954772,73833,1472,0.873,0.829,0.0,142,0.687,AE,FEMA NFIP / NOAA / USGS NED / Census,12.0,301.5,545.0,0.8,0.6764,173714,9,259.83856688594693
Sitka,AK,57.193204,-135.367396,72662,1975,0.367,0.014,0.0,35,0.173,X500,FEMA NFIP / NOAA / USGS NED / Census,15.0,0.0,,1.0,0.3003,116302,5,1405.141061997343
Gilbert,AZ,33.310225,-111.743224,72623,1923,0.38,0.0,0.0,18,0.163,X500,FEMA NFIP / NOAA / USGS NED / Census,15.0,0.0,,1.0,0.302,116487,1,442.1027854968967
Fort Lauderdale,FL,26.141227,-80.146731,71732,1754,0.88,0.775,0.8,142,0.833,AE,FEMA NFIP / NOAA / USGS NED / Census,12.0,301.5,545.0,0.8,0.8258,190204,9,18.26096413691531
Danbury,CT,41.398741,-73.478103,71689,2149,0.606,0.341,0.0,32,0.365,A,FEMA NFIP / NOAA / USGS NED / Census,1.0,2.0,5.0,0.06666666666666667,0.3376,120093,2,88.18723495447672
Clinton Township,MI,42.586701,-82.919975,70774,965,0.449,0.0,0.0,40,0.205,X500,FEMA NFIP / NOAA / USGS NED / Census,15.0,0.0,,1.0,0.3296,117428,7,221.30191677536683
Miami Gardens,FL,25.948892,-80.243585,70159,1605,0.84,0.812,0.0,142,0.668,AE,FEMA NFIP / NOAA / USGS NED / Census,12.0,301.5,545.0,0.8,0.659,162628,9,35.820251359951534
Evansville,IN,37.977028,-87.553098,70128,522,0.39,0.0,0.0,38,0.18,X500,FEMA NFIP / NOAA / USGS NED / Census,15.0,0.0,,1.0,0.306,113046,0,241.95360703500785
El Monte,CA,34.074633,-118.029136,70056,1847,0.523,0.653,0.0,89,0.461,A,FEMA NFIP / NOAA / USGS NED / Census,1.0,4.2,22.0,0.06666666666666667,0.3825,123648,8,35.69879234260062
Nampa,ID,43.574274,-116.563717,68030,2194,0.372,0.0,0.0,21,0.162,X500,FEMA NFIP / NOAA / USGS NED / Census,15.0,0.0,,1.0,0.2988,108684,5,611.804115860656
College Station,TX,30.627977,-96.334406,67633,727,0.669,0.647,0.0,158,0.56,A,FEMA NFIP / NOAA / USGS NED / Census,7.0,219.70000000000002,330.0,0.4666666666666667,0.4994,135184,3,132.72103051994816
Florence,AL,34.830323,-87.666139,67159,613,0.716,0.532,0.0,65,0.487,A,FEMA NFIP / NOAA / USGS NED / Census,1.0,1.5,2.0,0.06666666666666667,0.4294,124835,4,434.7933227301201
Santa Clara,CA,37.364621,-121.967973,66896,1790,0.423,0.418,0.0,89,0.35,X500,FEMA NFIP / NOAA / USGS NED / Census,1.0,4.2,22.0,0.06666666666666667,0.2837,104852,8,491.3992560581494
Augusta-Richmond County,GA,33.420788,-82.148073,66800,1294,0.581,0.624,0.0,59,0.456,A,FEMA NFIP / NOAA / USGS NED / Census,2.0,4.5,10.0,0.13333333333333333,0.4084,121362,4,151.4255386373267
East Providence,RI,41.813595,-71.370038,65563,1778,0.677,0.383,0.0,26,0.402,A,FEMA NFIP / NOAA / USGS NED / Census,15.0,0.0,,1.0,0.5166,133302,2,252.02407673619163
St. Petersburg,FL,27.762727,-82.644131,65485,1275,0.88,0.782,0.0,142,0.675,AE,FEMA NFIP / NOAA / USGS NED / Census,12.0,301.5,545.0,0.8,0.6675,152907,9,288.66475276406567
Hattiesburg,MS,31.32715,-89.29078,65048,461,0.708,0.703,0.0,68,0.537,A,FEMA NFIP / NOAA / USGS NED / Census,2.0,48.6,244.0,0.13333333333333333,0.479,127363,4,560.2079984413817
Iowa City,IA,41.661177,-91.530167,64060,519,0.657,0.0,0.0,44,0.29,A,FEMA NFIP / NOAA / USGS NED / Census,1.0,2.0,3.0,0.06666666666666667,0.2728,99011,0,355.8285290617133
Meridian,MS,32.364269,-88.703918,63350,926,0.802,0.709,0.0,68,0.576,AE,FEMA NFIP / NOAA / USGS NED / Census,2.0,48.6,244.0,0.13333333333333333,0.518,128980,4,479.39453755611896
Juneau,AK,58.37291,-134.178445,62666,1918,0.363,0.017,0.0,35,0.172,X500,FEMA NFIP / NOAA / USGS NED / Census,15.0,0.0,,1.0,0.2994,100190,5,1456.9012072961302
Deltona,FL,28.905121,-81.210978,60916,1350,0.98,0.711,0.0,142,0.694,AE,FEMA NFIP / NOAA / USGS NED / Census,12.0,301.5,545.0,0.8,0.6898,144955,9,307.5755468827111
Lexington,KY,38.047985,-84.501808,60789,1315,0.601,0.0,0.0,48,0.27,A,FEMA NFIP / NOAA / USGS NED / Census,1.0,1.8,43.0,0.06666666666666667,0.2504,91232,7,480.86545641317934
West Valley City,UT,40.691758,-112.001106,60756,1839,0.232,0.0,0.0,15,0.102,X,FEMA NFIP / NOAA / USGS NED / Census,15.0,0.0,,1.0,0.2428,90259,1,579.0442311254151
Woodbridge,NJ,40.557671,-74.284721,60106,1906,0.712,0.303,0.0,51,0.407,A,FEMA NFIP / NOAA / USGS NED / Census,2.0,41.8,67.0,0.13333333333333333,0.3806,105858,2,29.1669321936453
Newport News,VA,37.100892,-76.493095,59715,2151,0.614,0.467,0.0,71,0.43,A,FEMA NFIP / NOAA / USGS NED / Census,1.0,3.0,11.0,0.06666666666666667,0.3724,104190,2,455.59502260981935
Montgomery,AL,32.348503,-86.267307,59268,656,0.687,0.656,0.0,65,0.512,A,FEMA NFIP / NOAA / USGS NED / Census,1.0,1.5,2.0,0.06666666666666667,0.4488,112466,4,254.1704480691074
Hilton Head Island,SC,32.216316,-80.752613,59110,1350,0.782,0.574,0.0,62,0.524,AE,FEMA NFIP / NOAA / USGS NED / Census,4.0,4.8,28.0,0.26666666666666666,0.4963,117782,4,277.18742129715946
Eugene,OR,44.052069,-123.086754,58946,1999,0.417,0.195,0.0,52,0.258,X500,FEMA NFIP / NOAA / USGS NED / Census,15.0,0.0,,1.0,0.3656,102047,5,376.0084994479343
Carmel,IN,39.978371,-86.118103,58512,872,0.444,0.0,0.0,38,0.201,X500,FEMA NFIP / NOAA / USGS NED / Census,15.0,0.0,,1.0,0.3276,96849,7,261.113199859164
Greeley,CO,40.414034,-104.771043,57543,1040,0.415,0.0,0.0,28,0.184,X500,FEMA NFIP / NOAA / USGS NED / Census,2.0,7.9,18.0,0.13333333333333333,0.186,78948,6,73.12146521440968
Oshkosh,WI,44.024681,-88.542587,56548,667,0.336,0.0,0.0,41,0.16,X500,FEMA NFIP / NOAA / USGS NED / Census,15.0,0.0,,1.0,0.2844,88712,7,307.48495556627523
Asheville,NC,35.595079,-82.551487,56154,1330,0.783,0.578,0.0,74,0.533,AE,FEMA NFIP / NOAA / USGS NED / Census,4.0,68.1,166.0,0.26666666666666666,0.4977,112049,4,322.06348563095224
Salinas,CA,36.690217,-121.633793,55801,2203,0.491,0.556,0.0,89,0.419,X500,FEMA NFIP / NOAA / USGS NED / Census,1.0,4.2,22.0,0.06666666666666667,0.3454,94348,8,416.6338479578044
Haverhill,MA,42.778095,-71.087321,54425,1766,0.691,0.365,0.0,31,0.405,A,FEMA NFIP / NOAA / USGS NED / Census,15.0,0.0,,1.0,0.5176,110765,2,333.6858093501109
Little Rock,AR,34.72398,-92.357609,53748,433,0.532,0.0,0.0,46,0.242,A,FEMA NFIP / NOAA / USGS NED / Census,1.0,1.0,20.0,0.06666666666666667,0.2228,77698,0,474.7197881161175
Bristol,CT,41.681578,-72.940749,51542,2371,0.485,0.326,0.0,32,0.312,X500,FEMA NFIP / NOAA / USGS NED / Census,1.0,2.0,5.0,0.06666666666666667,0.2855,80972,2,139.8124128395199
Pensacola,FL,30.440989,-87.191242,51252,10,0.85,0.719,0.8,142,0.804,AE,FEMA NFIP / NOAA / USGS NED / Census,12.0,301.5,545.0,0.8,0.7998,133234,4,430.5652935517903
Burlington,VT,44.475883,-73.212074,50207,1788,0.334,0.0,0.0,23,0.148,X500,FEMA NFIP / NOAA / USGS NED / Census,1.0,0.3,0.0,0.06666666666666667,0.1436,64626,2,423.44844901771506
Honolulu,HI,21.304547,-157.855676,46668,13,0.654,0.762,0.6,29,0.628,A,FEMA NFIP / NOAA / USGS NED / Census,15.0,0.0,,1.0,0.7221,114065,8,4104.022730479909
Cicero,IL,41.843897,-87.760296,38746,1005,0.519,0.0,0.0,49,0.238,A,FEMA NFIP / NOAA / USGS NED / Census,15.0,0.0,,1.0,0.3576,66457,7,186.17160668765626
Lakewood,NJ,40.096222,-74.217547,31754,2093,0.924,0.329,0.0,51,0.5,AE,FEMA NFIP / NOAA / USGS NED / Census,2.0,41.8,67.0,0.13333333333333333,0.4719,61723,2,70.85957371641904
Waipahu,HI,21.386459,-157.998009,29262,2135,0.653,0.765,0.0,29,0.509,A,FEMA NFIP / NOAA / USGS NED / Census,15.0,0.0,,1.0,0.6024,64516,8,4112.58721912885
Edison,NJ,40.518722,-74.411764,27602,2208,0.867,0.386,0.0,51,0.494,AE,FEMA NFIP / NOAA / USGS NED / Census,2.0,41.8,67.0,0.13333333333333333,0.4633,53178,2,40.48171508180716
Abanda,AL,33.091627,-85.527029,25795,824,0.676,0.564,0.0,65,0.48,A,FEMA NFIP / NOAA / USGS NED / Census,1.0,1.5,2.0,0.06666666666666667,0.4214,47535,4,180.4911723523738
Corpus Christi coastal,TX,27.753,-97.43,22323,226,0.739,0.746,0.0,158,0.618,A,FEMA NFIP / NOAA / USGS NED / Census,7.0,219.70000000000002,330.0,0.4666666666666667,0.5521,46972,3,299.5795327709389
Kailua,HI,21.412016,-157.739457,20488,2492,0.634,0.762,0.0,29,0.5,A,FEMA NFIP / NOAA / USGS NED / Census,15.0,0.0,,1.0,0.5941,44831,8,4087.7286360290464
Toms River,NJ,39.953729,-74.197902,19903,1996,0.798,0.449,0.0,51,0.486,AE,FEMA NFIP / NOAA / USGS NED / Census,2.0,41.8,67.0,0.13333333333333333,0.4515,37875,2,85.95566349202849
San Francisco Bay Area,CA,37.7749,-122.4194,19823,2180,0.523,0.416,0.0,89,0.389,A,FEMA NFIP / NOAA / USGS NED / Census,1.0,4.2,22.0,0.06666666666666667,0.3232,32636,8,551.9250181117267
Hamilton,NJ,40.228092,-74.716875,19516,2605,0.738,0.436,0.0,51,0.458,A,FEMA NFIP / NOAA / USGS NED / Census,2.0,41.8,67.0,0.13333333333333333,0.4242,36073,2,80.75144933251265
Anchorage,AK,61.17425,-149.284329,12568,102,0.339,0.116,0.4,35,0.272,X500,FEMA NFIP / NOAA / USGS NED / Census,15.0,0.0,,1.0,0.3946,22486,5,2301.6160074498816
Summerville,SC,33.018059,-80.175735,11239,1273,0.79,0.622,0.0,62,0.541,AE,FEMA NFIP / NOAA / USGS NED / Census,4.0,4.8,28.0,0.26666666666666666,0.5115,22736,4,321.76530686722145
Kaneohe,HI,21.409578,-157.802234,10055,2574,0.625,0.74,0.0,29,0.49,A,FEMA NFIP / NOAA / USGS NED / Census,15.0,0.0,,1.0,0.585,21819,8,4093.56280836191
